时间,开盘,最高,最低,收盘,涨跌,涨幅%,振幅%,总手(万),金额(亿)
"2015-12-30,三",3762.91,3763.89,3751.72,3759.75,--,-0.06,0.323,1904891300,28784783000
"2015-12-30,三",3762.91,3763.89,3746.32,3755.14,-4.61,-0.12,0.467,3224276200,47163652000
"2015-12-30,三",3755.23,3763.58,3747.84,3751.59,-3.54,-0.09,0.419,1991299300,29782805000
"2015-12-30,三",3751.15,3752.02,3726.35,3748.34,-3.26,-0.09,0.684,2310212500,34364715000
"2015-12-30,三",3748.26,3765.18,3745.58,3765.18,16.84,0.45,0.523,3037207500,44432918000
"2015-12-31,四",3760.9,3772.49,3755.77,3761.87,-3.3,-0.09,0.444,2954851100,42597845000
"2015-12-31,四",3761.86,3766.44,3738.89,3739.1,-22.77,-0.61,0.732,1992614900,29700288000
"2015-12-31,四",3739.04,3755.4,3727.46,3755.37,16.27,0.44,0.747,1921540800,26871928000
"2015-12-31,四",3755.13,3761.42,3730.08,3731,-24.37,-0.65,0.834,3318348800,45873629000
"2016-01-04,一",3725.86,3726.08,3578.01,3606.38,-124.63,-3.34,3.97,6153696800,80686843000
"2016-01-04,一",3605.89,3619.8,3579.04,3581.41,-24.97,-0.69,1.13,2786259400,34698963000
"2016-01-04,一",3581.38,3581.38,3469.01,3470.41,-111,-3.1,3.14,2597111200,30582394000
"2016-01-04,一",3470.41,3470.41,3468.95,3469.07,-1.35,-0.04,0.042,0,0
"2016-01-05,二",3382.18,3518.03,3377.86,3493.24,24.18,0.7,4.04,6311678400,76270678000
"2016-01-05,二",3493.79,3514.58,3481.45,3496.5,3.26,0.09,0.948,2227065700,26639324000
"2016-01-05,二",3496.47,3499.15,3425.06,3444.91,-51.59,-1.48,2.12,3246134000,39957768000
"2016-01-05,二",3445.65,3481.72,3377.32,3478.78,33.87,0.98,3.03,4426819900,53149310000
"2016-01-06,三",3482.41,3506.03,3478.5,3492.89,14.11,0.41,0.791,5118873100,53456272000
"2016-01-06,三",3492.78,3497.43,3468.63,3490.95,-1.94,-0.06,0.825,2436003000,28195993000
"2016-01-06,三",3491.07,3527.86,3479.03,3520.17,29.22,0.84,1.4,3167831100,35357089000
"2016-01-06,三",3520.94,3543.51,3520.94,3539.81,19.64,0.56,0.641,3873906800,43937836000
"2016-01-07,四",3481.15,3481.15,3284.74,3284.74,-255.07,-7.21,5.55,4410264100,47130795000
"2016-01-07,四",3284.74,3284.74,3284.74,3284.74,0,0,0,0,0
"2016-01-07,四",3284.74,3284.74,3284.74,3284.74,0,0,0,0,0
"2016-01-07,四",3284.74,3294.38,3284.74,3294.38,9.65,0.29,0.294,0,0
"2016-01-08,五",3371.87,3395.36,3238.37,3365.18,70.8,2.15,4.77,9741755700,1.02388E+11
"2016-01-08,五",3365.06,3384.99,3332.9,3384.99,19.81,0.59,1.55,2602739900,28978340000
"2016-01-08,五",3385.51,3418.85,3379.96,3383.29,-1.7,-0.05,1.15,3327362400,38410749000
"2016-01-08,五",3383.58,3388.95,3357.71,3361.56,-21.73,-0.64,0.924,2924087000,33721600000
"2016-01-11,一",3303.12,3342.48,3279.36,3326.25,-35.31,-1.05,1.88,5925227600,57736080000
"2016-01-11,一",3326.39,3335.55,3259.18,3288.8,-37.45,-1.13,2.3,3227687800,35793859000
"2016-01-11,一",3288.85,3295.75,3245.91,3269.13,-19.67,-0.6,1.52,3015137100,34547552000
"2016-01-11,一",3267.67,3285.3,3192.45,3192.45,-76.68,-2.35,2.84,5295785500,56386559000
"2016-01-12,二",3214.82,3242.21,3184.9,3204.65,12.2,0.38,1.79,4846729100,52123448000
"2016-01-12,二",3204.82,3227.85,3174.55,3225.29,20.64,0.64,1.66,2832336700,31287578000
"2016-01-12,二",3226.14,3240.29,3214.28,3214.97,-10.32,-0.32,0.807,2225124700,26780384000
"2016-01-12,二",3215.15,3234.61,3203.08,3215.71,0.74,0.02,0.981,2918389100,31857490000
"2016-01-13,三",3240.48,3256.85,3222.04,3244.83,29.12,0.91,1.08,4376735700,43431919000
"2016-01-13,三",3245.03,3249.73,3212.98,3221.15,-23.67,-0.73,1.13,2067096800,23407745000
"2016-01-13,三",3221.08,3231.23,3194.33,3213.83,-7.33,-0.23,1.15,2037919100,24655747000
"2016-01-13,三",3213.55,3223.21,3155.88,3155.88,-57.95,-1.8,2.1,3584897800,39390671000
"2016-01-14,四",3076.64,3149.45,3072.32,3145,-10.88,-0.34,2.44,4752779600,48420103000
"2016-01-14,四",3145.19,3145.19,3108.88,3136.67,-8.33,-0.26,1.15,2122184800,22439318000
"2016-01-14,四",3136.83,3195.54,3135.52,3181.08,44.41,1.42,1.91,2721087900,31100917000
"2016-01-14,四",3181.85,3226.4,3181.56,3221.57,40.49,1.27,1.41,3857714700,42811242000
"2016-01-15,五",3200.89,3216.75,3188.77,3189.29,-32.28,-1,0.868,3592153100,40940269000
"2016-01-15,五",3188.95,3194.65,3172.48,3172.53,-16.76,-0.53,0.695,1995395600,21093534000
"2016-01-15,五",3171.07,3171.07,3117.63,3157.51,-15.03,-0.47,1.68,3146295600,32492432000
"2016-01-15,五",3156.71,3157.07,3101.33,3118.73,-38.78,-1.23,1.77,3726333600,37356502000
"2016-01-18,一",3068.23,3136,3066.92,3112.84,-5.89,-0.19,2.21,3416650100,36658573000
"2016-01-18,一",3112.72,3125,3093.62,3125,12.16,0.39,1.01,1747790900,18409127000
"2016-01-18,一",3129.18,3165.62,3129.03,3140.16,15.16,0.49,1.17,2610257300,28129066000
"2016-01-18,一",3140.51,3159.22,3123.93,3130.73,-9.43,-0.3,1.12,2338140300,26261521000
"2016-01-19,二",3132.7,3146.13,3119.58,3127.57,-3.16,-0.1,0.848,2717618900,30606794000
"2016-01-19,二",3127.56,3173.58,3119.61,3173.49,45.92,1.47,1.73,1992477600,21582054000
"2016-01-19,二",3174.23,3225.51,3174.23,3209.29,35.8,1.13,1.62,4785303400,52917293000
"2016-01-19,二",3209.48,3227.7,3208.82,3223.13,13.84,0.43,0.588,3269989400,37801539000
"2016-01-20,三",3204.22,3225.79,3198.49,3205.79,-17.34,-0.54,0.847,4841860300,52629528000
"2016-01-20,三",3204.66,3211.41,3167.07,3170.33,-35.45,-1.11,1.38,3049241900,34000533000
"2016-01-20,三",3169.48,3194.71,3154.56,3184.59,14.26,0.45,1.27,2823503200,29623250000
"2016-01-20,三",3184.26,3190.56,3163.01,3174.38,-10.21,-0.32,0.865,2350445000,27060019000
"2016-01-21,四",3136.38,3164.06,3131.32,3163.25,-11.13,-0.35,1.03,3194784500,34587081000
"2016-01-21,四",3163.25,3202.52,3161.09,3195.07,31.83,1.01,1.31,2177189500,23788285000
"2016-01-21,四",3195.14,3195.14,3128.15,3135.28,-59.8,-1.87,2.1,2410241500,27138504000
"2016-01-21,四",3135.64,3149.83,3081.35,3081.35,-53.93,-1.72,2.18,3336757800,36342325000
"2016-01-22,五",3114.9,3122.16,3080.42,3100.24,18.89,0.61,1.35,2980196900,32042199000
"2016-01-22,五",3099.22,3099.74,3053.96,3073.28,-26.96,-0.87,1.48,1833153000,19717114000
"2016-01-22,五",3073.43,3122.26,3073.43,3122.26,48.98,1.59,1.59,1967621500,21087608000
"2016-01-22,五",3122.57,3132.08,3100.82,3113.46,-8.8,-0.28,1,2214137300,24038752000
"2016-01-25,一",3129.03,3137.74,3114.21,3127.25,13.79,0.44,0.756,3192826100,32016560000
"2016-01-25,一",3127.13,3149.33,3125.11,3139.61,12.37,0.4,0.774,1686602800,18526599000
"2016-01-25,一",3139.68,3142.21,3120.3,3122.77,-16.85,-0.54,0.698,1331331200,14577738000
"2016-01-25,一",3122.5,3128.98,3105.1,3128.89,6.12,0.2,0.765,1943246000,20656994000
"2016-01-26,二",3099.6,3103.48,3081.52,3088.21,-40.68,-1.3,0.702,2519487900,26618012000
"2016-01-26,二",3087.89,3106.36,3074.1,3074.1,-14.11,-0.46,1.04,1490154100,15849932000
"2016-01-26,二",3074.38,3074.38,3031.35,3045.6,-28.51,-0.93,1.4,2724614900,28142437000
"2016-01-26,二",3045.54,3050.3,2934.82,2940.51,-105.09,-3.45,3.79,5959135200,56640271000
"2016-01-27,三",2953.18,2963.54,2893.53,2924.77,-15.74,-0.54,2.38,4582957900,43929676000
"2016-01-27,三",2924.66,2932.16,2875.1,2875.1,-49.68,-1.7,1.95,2181128600,20992715000
"2016-01-27,三",2875,2900.49,2839.49,2880.96,5.86,0.2,2.12,3203789300,30206796000
"2016-01-27,三",2879.82,2951.17,2865.57,2930.35,49.39,1.71,2.97,3255060800,31868483000
"2016-01-28,四",2909.33,2941.7,2894.83,2916.07,-14.28,-0.49,1.6,2888630600,29782075000
"2016-01-28,四",2915.32,2937.28,2910.77,2922.14,6.07,0.21,0.909,1331804600,13679712000
"2016-01-28,四",2922.34,2922.47,2878.08,2895.04,-27.1,-0.93,1.52,1933098100,18211857000
"2016-01-28,四",2896.26,2917.04,2842.37,2853.76,-41.28,-1.43,2.58,3768742300,33990230000
"2016-01-29,五",2855.6,2914.33,2854.37,2904,50.24,1.76,2.1,4016193400,38180873000
"2016-01-29,五",2902.73,2938.59,2900.42,2919.35,15.35,0.53,1.31,2200293400,22518608000
"2016-01-29,五",2921.6,2952.73,2921.49,2942.05,22.7,0.78,1.07,2311451000,21176647000
"2016-01-29,五",2941.79,2965.22,2935.68,2946.09,4.04,0.14,1,2802488100,27586228000
"2016-02-01,一",2939.04,2944.46,2921.64,2935.57,-10.52,-0.36,0.775,2910450800,28346925000
"2016-02-01,一",2936.47,2939.93,2899.96,2901.37,-34.2,-1.17,1.36,2002948700,19016596000
"2016-02-01,一",2900.5,2922.38,2896.06,2901.4,0.03,0,0.907,1342658100,13045633000
"2016-02-01,一",2901.66,2901.86,2869.75,2901.05,-0.35,-0.01,1.11,2423476600,22522299000
"2016-02-02,二",2901.53,2959.38,2901.51,2958.9,57.85,1.99,1.99,2804640700,29083778000
"2016-02-02,二",2959.1,2972.11,2948.6,2969.09,10.19,0.34,0.794,2128365100,20782988000
"2016-02-02,二",2969.15,2971.7,2955.04,2959.68,-9.41,-0.32,0.561,1746008200,17984040000
"2016-02-02,二",2959.95,2961.87,2947.39,2961.33,1.65,0.06,0.489,2181182300,20889424000
"2016-02-03,三",2931.29,2935.91,2912.87,2930.47,-30.87,-1.04,0.778,2944992300,28160138000
"2016-02-03,三",2930.88,2937.15,2920.64,2929.71,-0.76,-0.03,0.563,1233651900,12460802000
"2016-02-03,三",2930.6,2931.26,2910.26,2923.16,-6.55,-0.22,0.717,1366287700,12804007000
"2016-02-03,三",2922.31,2954.71,2919.18,2948.64,25.48,0.87,1.22,2193968100,21392145000
"2016-02-04,四",2960.33,2997.38,2960.33,2989.43,40.8,1.38,1.26,3649112800,35351491000
"2016-02-04,四",2988.93,2999.16,2971.95,2972.01,-17.43,-0.58,0.91,1970299400,19932900000
"2016-02-04,四",2972.96,2986.98,2966.15,2972.38,0.38,0.01,0.701,1394386800,14371724000
"2016-02-04,四",2972.2,2991.11,2971.84,2984.76,12.38,0.42,0.648,2164173400,21894231000
"2016-02-05,五",2982.06,2988.01,2973.75,2978.76,-6,-0.2,0.478,2654392900,27064670000
"2016-02-05,五",2979.22,2979.22,2966.64,2975.66,-3.1,-0.1,0.422,1439976500,14883249000
"2016-02-05,五",2975.92,2987.72,2970.08,2982.63,6.97,0.23,0.593,1221228300,11818359000
"2016-02-05,五",2982.68,2982.77,2962.88,2963.79,-18.84,-0.63,0.667,2369483100,23676944000
"2016-02-15,一",2888.43,2921.33,2887.91,2920.73,-43.06,-1.45,1.13,3107786000,29859366000
"2016-02-15,一",2921.38,2930.25,2912.52,2921.23,0.51,0.02,0.607,1061917300,10898315000
"2016-02-15,一",2922.41,2954.85,2922.41,2942.2,20.97,0.72,1.11,1302804400,12906333000
"2016-02-15,一",2941.97,2961.45,2937.84,2946.71,4.5,0.15,0.802,1819435700,17621035000
"2016-02-16,二",2962.19,3022.86,2962.19,3019.85,73.14,2.48,2.06,4175510200,39123616000
"2016-02-16,二",3019.85,3032.27,3014.46,3030.59,10.74,0.36,0.59,2198130600,24336125000
"2016-02-16,二",3031.65,3039.62,3022.36,3029.65,-0.94,-0.03,0.569,2167799400,21988224000
"2016-02-16,二",3029.77,3042.03,3026.03,3037.04,7.38,0.24,0.528,2716524100,26852527000
"2016-02-17,三",3034.09,3062.81,3028.42,3057.98,20.95,0.69,1.13,5194130900,46853201000
"2016-02-17,三",3058.25,3061.8,3032.16,3032.16,-25.83,-0.84,0.969,2628708100,26192765000
"2016-02-17,三",3031.01,3051.97,3027.11,3050.34,18.18,0.6,0.82,1987402600,19432480000
"2016-02-17,三",3049.7,3065.38,3042.98,3063.32,12.98,0.43,0.735,3018919100,29800894000
"2016-02-18,四",3079.53,3093.51,3067.84,3069.08,5.76,0.19,0.838,5283690200,52676056000
"2016-02-18,四",3068.89,3080.82,3059.77,3077.25,8.17,0.27,0.686,2423735700,21796220000
"2016-02-18,四",3077.77,3082.28,3061.53,3072.29,-4.96,-0.16,0.674,2058416900,20444330000
"2016-02-18,四",3072.21,3078.78,3049.99,3053.7,-18.59,-0.6,0.937,2674303600,27702006000
"2016-02-19,五",3047.94,3062.28,3045.15,3056.18,2.49,0.08,0.561,2858959100,29413072000
"2016-02-19,五",3055.85,3056.72,3032.88,3041.86,-14.33,-0.47,0.78,1807999300,17785618000
"2016-02-19,五",3041.77,3065.97,3040.34,3059.39,17.53,0.58,0.842,1634824000,18280685000
"2016-02-19,五",3059.53,3059.54,3035.69,3051.59,-7.8,-0.26,0.78,2432018800,25369966000
"2016-02-22,一",3083.93,3089.94,3071.55,3078.37,26.79,0.88,0.602,4188404200,43380846000
"2016-02-22,一",3078.32,3119.41,3078.26,3112.43,34.06,1.11,1.34,4239255100,40188442000
"2016-02-22,一",3113.62,3127.73,3107.88,3112.79,0.36,0.01,0.638,2835097800,28348495000
"2016-02-22,一",3112.9,3119.37,3102.88,3118.87,6.08,0.2,0.529,2831938900,29766297000
"2016-02-23,二",3117.2,3119.14,3093.79,3094.61,-24.26,-0.78,0.813,4320778600,45279142000
"2016-02-23,二",3094.65,3103.55,3077.29,3079.1,-15.51,-0.5,0.849,2365072800,24958126000
"2016-02-23,二",3078.93,3091.87,3071.4,3075.5,-3.61,-0.12,0.665,2016444300,20592803000
"2016-02-23,二",3075.83,3089.87,3061.54,3089.36,13.87,0.45,0.921,2554443400,26646398000
"2016-02-24,三",3077.61,3108.65,3075.98,3084.93,-4.43,-0.14,1.06,3613169200,36485126000
"2016-02-24,三",3084.91,3089.2,3072.39,3079.12,-5.82,-0.19,0.545,1966055800,19896100000
"2016-02-24,三",3078.81,3078.81,3055.39,3065.6,-13.52,-0.44,0.761,2284796500,23196853000
"2016-02-24,三",3065.01,3109.55,3063.83,3109.55,43.95,1.43,1.49,3314243500,33340528000
"2016-02-25,四",3104.41,3104.41,3059.19,3059.21,-50.34,-1.62,1.45,4055974000,41738995000
"2016-02-25,四",3058.8,3067.94,3004.9,3005.23,-53.98,-1.76,2.06,3292737700,31544532000
"2016-02-25,四",3005.15,3014.93,2977.3,3001.82,-3.4,-0.11,1.25,3268367500,31738378000
"2016-02-25,四",3001.7,3001.7,2905.62,2918.75,-83.07,-2.77,3.2,5165895800,48471095000
"2016-02-26,五",2942.1,2955.02,2925.79,2946.9,28.15,0.96,1,3821053800,36698792000
"2016-02-26,五",2947.42,2957.26,2925.98,2937.65,-9.25,-0.31,1.06,1793170700,17408674000
"2016-02-26,五",2937.92,2940.65,2903.23,2933.82,-3.83,-0.13,1.27,2297152200,22099796000
"2016-02-26,五",2933.56,2964.39,2933.56,2948.03,14.21,0.48,1.05,2783596200,26324309000
"2016-02-29,一",2939.58,2939.87,2832.19,2849.42,-98.62,-3.35,3.65,5704208800,50994310000
"2016-02-29,一",2848.78,2882.25,2838.8,2859.1,9.69,0.34,1.53,1929889300,17611997000
"2016-02-29,一",2859.22,2859.22,2821.22,2843.68,-15.42,-0.54,1.33,2126479800,20548224000
"2016-02-29,一",2843.31,2877.73,2822.36,2877.47,33.78,1.19,1.95,3173524100,29286298000
"2016-03-01,二",2881.34,2901.77,2863.88,2895.63,18.17,0.63,1.32,3842210200,35310181000
"2016-03-01,二",2896.22,2903.63,2879.09,2889.05,-6.59,-0.23,0.848,1875803700,16617801000
"2016-03-01,二",2889.15,2917.45,2863.57,2917.22,28.18,0.98,1.87,2197074900,21702708000
"2016-03-01,二",2917.02,2950.42,2908.14,2930.69,13.47,0.46,1.45,3689503000,36860347000
"2016-03-02,三",2933.92,2974.41,2933.3,2965.29,34.6,1.18,1.4,4810471200,44561562000
"2016-03-02,三",2965.2,2994.86,2954.38,2994.86,29.57,1,1.37,3156081400,29428547000
"2016-03-02,三",2997.09,3044.83,2997.09,3036.41,41.54,1.39,1.59,4971845100,46481997000
"2016-03-02,三",3036.29,3054.58,3025.14,3051.33,14.93,0.49,0.97,4658836300,43553054000
"2016-03-03,四",3050.39,3075.95,3043.28,3069.66,18.33,0.6,1.07,7182499700,68136030000
"2016-03-03,四",3068.94,3078.3,3042.7,3053.06,-16.61,-0.54,1.16,3706167500,35621392000
"2016-03-03,四",3053.2,3070.7,3048.99,3057.46,4.4,0.14,0.711,2441332100,23874823000
"2016-03-03,四",3057.64,3061.34,3040.57,3058.42,0.97,0.03,0.679,3980574700,37876835000
"2016-03-04,五",3047.54,3069.55,3041.05,3065.05,6.63,0.22,0.932,4856723800,44765811000
"2016-03-04,五",3064.7,3073.06,3049.56,3070.85,5.8,0.19,0.767,4700440700,43666358000
"2016-03-04,五",3073.08,3101.09,3032.92,3098.72,27.87,0.91,2.22,6610871500,61727661000
"2016-03-04,五",3099.22,3101.55,3079.88,3093.89,-4.83,-0.16,0.699,5749217000,55360640000
"2016-03-07,一",3109,3130.8,3109,3115.23,21.34,0.69,0.705,6035795100,57260479000
"2016-03-07,一",3114.88,3115.11,3095.56,3112.26,-2.97,-0.1,0.628,2386002300,24297670000
"2016-03-07,一",3112.49,3113.7,3087.41,3087.41,-24.85,-0.8,0.845,1887232500,18839462000
"2016-03-07,一",3086.92,3105.74,3083.86,3104.84,17.43,0.56,0.709,2937173800,27392733000
"2016-03-08,二",3100.15,3100.15,3010.92,3016.79,-88.05,-2.84,2.87,5572616700,50353840000
"2016-03-08,二",3017.04,3052.33,3001.94,3052.33,35.54,1.18,1.67,2363084100,22211933000
"2016-03-08,二",3054.12,3074.79,3039.47,3069.86,17.52,0.57,1.16,2199392100,22466648000
"2016-03-08,二",3069.86,3108.77,3060.25,3107.67,37.82,1.23,1.58,3488481100,33726067000
"2016-03-09,三",3045.92,3060.99,3024.57,3044.27,-63.4,-2.04,1.17,3717478500,35666639000
"2016-03-09,三",3044.21,3053.44,3020.19,3025.66,-18.61,-0.61,1.09,2267687500,21505475000
"2016-03-09,三",3025.63,3048.33,3025.63,3033.81,8.15,0.27,0.75,1237807400,12145878000
"2016-03-09,三",3033.5,3072.92,3022.04,3071.91,38.09,1.26,1.68,3923651100,36980660000
"2016-03-10,四",3056.21,3074.16,3040.49,3053.75,-18.15,-0.59,1.1,2344102300,25223352000
"2016-03-10,四",3053.48,3057.86,3038.63,3042.86,-10.89,-0.36,0.63,1152174500,12021117000
"2016-03-10,四",3043.82,3069.9,3043.82,3058.56,15.7,0.52,0.857,1341435000,14101702000
"2016-03-10,四",3058.33,3058.33,3012.69,3013.15,-45.42,-1.48,1.49,2769507900,26834297000
"2016-03-11,五",2990.21,3011.88,2982.23,2983.96,-29.18,-0.97,0.984,2497626300,25673992000
"2016-03-11,五",2983.51,3007.57,2982.64,3007.57,23.61,0.79,0.836,1204062900,12259188000
"2016-03-11,五",3007.44,3026.34,3005.07,3012.41,4.84,0.16,0.707,1461987200,15175805000
"2016-03-11,五",3013.42,3018.28,2990.43,3018.28,5.88,0.2,0.925,2169680000,21258311000
"2016-03-14,一",3039.57,3088.5,3034.3,3087.86,69.57,2.31,1.8,3866188900,41482246000
"2016-03-14,一",3087.64,3106.64,3081.16,3098.16,10.31,0.33,0.825,2803028900,28980767000
"2016-03-14,一",3098,3104.92,3086.53,3086.84,-11.32,-0.37,0.594,2213148100,22925958000
"2016-03-14,一",3086.72,3091.25,3061.33,3065.69,-21.15,-0.69,0.969,2828499600,30150123000
"2016-03-15,二",3061.34,3065.62,3044.21,3052.2,-13.49,-0.44,0.698,2861383200,31913720000
"2016-03-15,二",3051.75,3062.13,3034.02,3035.2,-17,-0.56,0.921,1693971100,17428681000
"2016-03-15,二",3035.25,3044.2,3028.74,3040.6,5.4,0.18,0.509,1331923700,13488918000
"2016-03-15,二",3040.81,3076.9,3035.27,3074.78,34.18,1.12,1.37,3943916100,38471526000
"2016-03-16,三",3068.87,3088.92,3064.59,3083.37,8.59,0.28,0.791,3033304000,32902412000
"2016-03-16,三",3083.21,3097.01,3082.22,3089.91,6.54,0.21,0.48,4163828100,40548968000
"2016-03-16,三",3089.83,3100.25,3085.05,3091.94,2.03,0.07,0.492,2465079600,24882601000
"2016-03-16,三",3091.88,3094.39,3088.36,3090.03,-1.91,-0.06,0.195,2811433100,27794873000
"2016-03-17,四",3096.81,3116.09,3090.26,3094.06,4.03,0.13,0.836,2914033600,33172033000
"2016-03-17,四",3093.97,3110.01,3077.57,3109.88,15.82,0.51,1.05,1537349500,18449532000
"2016-03-17,四",3109.1,3142.58,3109.1,3142.44,32.56,1.05,1.08,4039962100,45459911000
"2016-03-17,四",3143.21,3147.65,3114.4,3124.2,-18.24,-0.58,1.06,3674832500,39522234000
"2016-03-18,五",3136.22,3170.69,3130.26,3170.69,46.48,1.49,1.29,5235778700,61392117000
"2016-03-18,五",3170.73,3187.01,3160.89,3185.04,14.35,0.45,0.824,3976275300,42550005000
"2016-03-18,五",3184.97,3197.26,3170.04,3182.44,-2.6,-0.08,0.855,5423107000,53730968000
"2016-03-18,五",3182.97,3182.99,3158.13,3171.96,-10.47,-0.33,0.781,5095095000,52344720000
"2016-03-21,一",3203.29,3248.39,3198.36,3241.39,69.42,2.19,1.58,8572384400,1.01559E+11
"2016-03-21,一",3241.88,3267.71,3240.93,3241.83,0.44,0.01,0.826,6298081600,66473404000
"2016-03-21,一",3243,3250.01,3223.62,3225.95,-15.88,-0.49,0.814,3858231000,39095000000
"2016-03-21,一",3226.85,3250.13,3219.82,3249.44,23.48,0.73,0.94,4598249000,49709690000
"2016-03-22,二",3231.61,3248.75,3219.55,3246.18,-3.25,-0.1,0.899,6374438200,80017821000
"2016-03-22,二",3246.09,3249.55,3223.07,3223.12,-23.07,-0.71,0.816,3175122100,37392697000
"2016-03-22,二",3222.92,3245.26,3221.11,3243.05,19.93,0.62,0.749,2975706900,34358862000
"2016-03-22,二",3243.31,3243.31,3218.73,3225.79,-17.26,-0.53,0.758,3576821800,42442600000
"2016-03-23,三",3217.73,3242.2,3213.47,3224.61,-1.18,-0.04,0.89,3804822500,47239367000
"2016-03-23,三",3224.44,3230.58,3212.73,3212.84,-11.77,-0.37,0.554,2186648500,26479984000
"2016-03-23,三",3211.95,3216.17,3203.02,3205.07,-7.77,-0.24,0.409,2379641500,27149283000
"2016-03-23,三",3205.2,3238.78,3204.59,3236.09,31.02,0.97,1.07,4196816100,54698436000
"2016-03-24,四",3211.5,3217.66,3185.51,3212.34,-23.75,-0.73,0.994,4951517600,60460568000
"2016-03-24,四",3212.79,3212.98,3192.27,3204.16,-8.17,-0.25,0.645,2734135200,30964677000
"2016-03-24,四",3204.52,3221.91,3202.55,3214.14,9.97,0.31,0.604,1930672900,26477102000
"2016-03-24,四",3214.33,3217.33,3181.81,3181.85,-32.29,-1,1.1,3696786500,44533683000
"2016-03-25,五",3176.81,3204.25,3176.8,3188.23,6.38,0.2,0.863,3341050100,40995179000
"2016-03-25,五",3188.06,3196.45,3176.12,3188.32,0.09,0,0.638,2117595900,23290716000
"2016-03-25,五",3188.77,3202.78,3181.26,3186.27,-2.04,-0.06,0.675,1805779800,22277806000
"2016-03-25,五",3186,3197.82,3174.32,3197.82,11.54,0.36,0.738,2475107200,28631903000
"2016-03-28,一",3206.95,3229.56,3206.95,3220.16,22.34,0.7,0.707,3561705500,43478286000
"2016-03-28,一",3219.97,3224.64,3210.6,3211.12,-9.04,-0.28,0.436,1768482000,21766234000
"2016-03-28,一",3210.85,3211.98,3196.11,3198.86,-12.26,-0.38,0.494,1764243100,21419878000
"2016-03-28,一",3198.64,3199.41,3161.96,3169.73,-29.13,-0.91,1.17,3249762700,37179646000
"2016-03-29,二",3171.31,3177.55,3148.99,3167.36,-2.37,-0.07,0.901,3115892500,37259737000
"2016-03-29,二",3167.86,3167.86,3141.76,3141.76,-25.6,-0.81,0.824,1721252400,19881961000
"2016-03-29,二",3141.71,3157.83,3124.95,3157.3,15.54,0.49,1.05,2303283000,27783520000
"2016-03-29,二",3157.46,3158,3122.85,3135.41,-21.89,-0.69,1.11,2589046800,28919062000
"2016-03-30,三",3161.29,3194.11,3161.29,3184.65,49.24,1.57,1.05,4097264500,48503997000
"2016-03-30,三",3184.33,3188.76,3170.79,3178,-6.64,-0.21,0.564,1626804900,19338336000
"2016-03-30,三",3178.3,3196.08,3178.3,3190.48,12.48,0.39,0.56,1937870700,24801804000
"2016-03-30,三",3190.11,3216.4,3190.11,3216.28,25.8,0.81,0.824,4118311100,48077633000
"2016-03-31,四",3229.2,3232.19,3219.29,3219.97,3.7,0.11,0.401,4145066800,52144665000
"2016-03-31,四",3219.42,3227.09,3208.82,3226.72,6.75,0.21,0.567,2376001700,27919614000
"2016-03-31,四",3226.64,3241.82,3219.27,3226.19,-0.53,-0.02,0.699,3083180800,37604404000
"2016-03-31,四",3226.66,3228.51,3212,3218.09,-8.1,-0.25,0.512,2550958100,29598927000
"2016-04-01,五",3213.67,3222.59,3195.76,3197.18,-20.91,-0.65,0.834,3998326500,43201397000
"2016-04-01,五",3196.99,3201.3,3170.36,3170.36,-26.82,-0.84,0.968,2291863100,25703584000
"2016-04-01,五",3170.71,3202.46,3165.88,3198.14,27.78,0.88,1.15,2100844500,21986872000
"2016-04-01,五",3198.76,3221.9,3195.87,3221.89,23.76,0.74,0.814,3421179800,36158245000
"2016-04-05,二",3211.3,3225.76,3205.48,3221.8,-0.1,0,0.63,3372061400,38355534000
"2016-04-05,二",3221.78,3252.65,3213.81,3252.59,30.79,0.96,1.21,3007791500,31528462000
"2016-04-05,二",3253.05,3271.91,3253.05,3263.23,10.64,0.33,0.58,3992736100,46622743000
"2016-04-05,二",3263.32,3271.4,3256.32,3264.49,1.26,0.04,0.462,4232188000,42789801000
"2016-04-06,三",3250.52,3267.5,3247.03,3255.51,-8.98,-0.27,0.627,4825727500,53341359000
"2016-04-06,三",3255.31,3265.14,3251.13,3264.2,8.69,0.27,0.43,2126573300,24617247000
"2016-04-06,三",3264.66,3265.8,3236.36,3246.17,-18.03,-0.55,0.902,2530978900,28869408000
"2016-04-06,三",3246.35,3259.36,3242.14,3257.53,11.35,0.35,0.531,2536350800,30378246000
"2016-04-07,四",3266.29,3270.82,3233.59,3233.59,-23.93,-0.73,1.14,3586001000,42944114000
"2016-04-07,四",3233.52,3233.52,3216.56,3231.45,-2.14,-0.07,0.525,2462833300,28224442000
"2016-04-07,四",3231.66,3243.33,3218.28,3241.62,10.17,0.31,0.775,2201697200,23271059000
"2016-04-07,四",3241.45,3241.5,3208.72,3209.29,-32.33,-1,1.01,2990415200,33833452000
"2016-04-08,五",3189.85,3196.67,3180.87,3194.39,-14.9,-0.46,0.492,3181927300,36447216000
"2016-04-08,五",3194.31,3197.77,3173.9,3183.82,-10.56,-0.33,0.747,2279794800,24844486000
"2016-04-08,五",3183.76,3196.59,3180.99,3181.85,-1.98,-0.06,0.49,1664977000,18696150000
"2016-04-08,五",3182.11,3186.25,3163.38,3185.73,3.88,0.12,0.719,2973863400,33932864000
"2016-04-11,一",3213.51,3242.41,3213.51,3238.68,52.96,1.66,0.907,5350436600,58100019000
"2016-04-11,一",3239.67,3251.57,3235.98,3241.22,2.53,0.08,0.481,2694350000,32639325000
"2016-04-11,一",3241.78,3248.25,3237.17,3243.41,2.19,0.07,0.342,2066382200,23528231000
"2016-04-11,一",3243.53,3243.88,3228.23,3230.1,-13.31,-0.41,0.482,2410102100,28491915000
"2016-04-12,二",3227.37,3232.08,3205.7,3213.99,-16.1,-0.5,0.817,3691454800,37963888000
"2016-04-12,二",3213.89,3221,3203.14,3208.95,-5.04,-0.16,0.556,1839389400,19399759000
"2016-04-12,二",3208.69,3219.82,3206.44,3210.15,1.2,0.04,0.417,1348868900,14835299000
"2016-04-12,二",3210.39,3218.88,3198.9,3218.45,8.3,0.26,0.622,2407230600,26887611000
"2016-04-13,三",3237.86,3293.44,3237.86,3293.21,74.76,2.32,1.73,7681538200,78728653000
"2016-04-13,三",3293.68,3296.3,3280.67,3285.53,-7.68,-0.23,0.475,4106073800,39983608000
"2016-04-13,三",3287.13,3296.5,3286.33,3290.78,5.25,0.16,0.31,3606686000,36310519000
"2016-04-13,三",3290.69,3291.36,3260.07,3261.38,-29.4,-0.89,0.951,4167088000,45136820000
"2016-04-14,四",3277.1,3286.07,3265.01,3265.49,4.11,0.13,0.646,4650034400,47861183000
"2016-04-14,四",3265,3272.67,3259.95,3264.68,-0.82,-0.02,0.389,2061188500,20781650000
"2016-04-14,四",3264.36,3267.27,3252.15,3262.76,-1.92,-0.06,0.463,1770828100,18420876000
"2016-04-14,四",3262.65,3276.65,3260.81,3275.83,13.07,0.4,0.486,2833681700,30925734000
"2016-04-15,五",3279.86,3282.93,3261.76,3265.83,-10,-0.31,0.646,3716842900,40085590000
"2016-04-15,五",3266.08,3275.51,3264.79,3268.3,2.46,0.08,0.328,1810641500,19328418000
"2016-04-15,五",3268.46,3282.94,3263.57,3277.68,9.38,0.29,0.593,1876652200,20348168000
"2016-04-15,五",3277.74,3277.74,3262.96,3272.21,-5.47,-0.17,0.451,2576616300,28201806000
"2016-04-18,一",3252.67,3252.67,3227.69,3230.56,-41.64,-1.27,0.763,4168602300,43260857000
"2016-04-18,一",3230.54,3239.21,3228.63,3234.86,4.3,0.13,0.327,1600915700,17618164000
"2016-04-18,一",3234.72,3234.74,3221.68,3227.2,-7.67,-0.24,0.404,1785127000,19627148000
"2016-04-18,一",3227.37,3239.29,3227.01,3228.45,1.26,0.04,0.38,2154361900,23449981000
"2016-04-19,二",3243.97,3250.67,3222.08,3227.91,-0.54,-0.02,0.886,3021182900,33213730000
"2016-04-19,二",3227.9,3235.64,3221.66,3230.12,2.21,0.07,0.433,1559971100,17385634000
"2016-04-19,二",3230.71,3236.23,3224.4,3227.62,-2.5,-0.08,0.366,1376956500,15470204000
"2016-04-19,二",3227.7,3241.25,3222.38,3238.3,10.68,0.33,0.585,2129033500,24906668000
"2016-04-20,三",3244.14,3248.28,3231.89,3236.07,-2.23,-0.07,0.506,2783313900,31660159000
"2016-04-20,三",3236.33,3236.45,3163.42,3163.42,-72.65,-2.24,2.26,4090815100,43692178000
"2016-04-20,三",3162.3,3162.3,3107.5,3126.77,-36.65,-1.16,1.73,4812666900,48736553000
"2016-04-20,三",3126.93,3181.74,3118.97,3181.03,54.25,1.74,2.01,4533989100,48235800000
"2016-04-21,四",3160.8,3176.82,3150.96,3172.01,-9.02,-0.28,0.813,3069599100,31273656000
"2016-04-21,四",3172.82,3190.18,3172.46,3187.89,15.88,0.5,0.559,2240956300,22030496000
"2016-04-21,四",3187.91,3198.5,3166.75,3198.5,10.61,0.33,0.996,2168719300,23462796000
"2016-04-21,四",3197.92,3198.55,3159.62,3160.6,-37.9,-1.18,1.22,2995990400,33557431000
"2016-04-22,五",3142.56,3173.02,3138.34,3167.47,6.87,0.22,1.1,2876985700,29169131000
"2016-04-22,五",3167.61,3168.11,3146.16,3153.65,-13.83,-0.44,0.693,1646066300,17256255000
"2016-04-22,五",3154.98,3166.21,3153.59,3159.18,5.54,0.18,0.4,1218567500,13750386000
"2016-04-22,五",3159.09,3175.38,3158.66,3174.9,15.72,0.5,0.529,1966229700,22267149000
"2016-04-25,一",3164.74,3164.74,3138.2,3151.04,-23.86,-0.75,0.836,2372094900,25804887000
"2016-04-25,一",3151.53,3156.01,3137.18,3156.01,4.97,0.16,0.598,1636165600,18194046000
"2016-04-25,一",3155.96,3172.26,3152.52,3171.47,15.46,0.49,0.626,1211931200,13761002000
"2016-04-25,一",3171.41,3171.73,3158.67,3162.03,-9.44,-0.3,0.412,1531743400,16974913000
"2016-04-26,二",3159.77,3181.1,3159.77,3167.79,5.75,0.18,0.674,1964536900,23388760000
"2016-04-26,二",3168.2,3168.2,3154.45,3155.79,-12,-0.38,0.434,1162295700,13234198000
"2016-04-26,二",3155.87,3163.12,3150.52,3153.83,-1.96,-0.06,0.399,977103300,11435925000
"2016-04-26,二",3153.8,3179.34,3153.31,3179.16,25.33,0.8,0.825,1798137500,20812671000
"2016-04-27,三",3181.93,3184.3,3171.35,3183.02,3.86,0.12,0.407,1829957900,22052870000
"2016-04-27,三",3182.64,3188.76,3179.41,3180.12,-2.9,-0.09,0.294,1207861400,14404075000
"2016-04-27,三",3180.28,3181.82,3174.34,3174.34,-5.78,-0.18,0.235,1043324400,12128109000
"2016-04-27,三",3174.98,3175.11,3162.74,3165.92,-8.43,-0.27,0.39,1919271000,22035351000
"2016-04-28,四",3169.33,3174.7,3156.7,3166.83,0.92,0.03,0.569,1891856100,21580837000
"2016-04-28,四",3166.86,3167.81,3148.6,3151.66,-15.17,-0.48,0.607,1534838800,17466339000
"2016-04-28,四",3149.66,3149.66,3135.66,3138.4,-13.27,-0.42,0.444,1771914400,19299507000
"2016-04-28,四",3138.47,3162.9,3138.37,3160.58,22.18,0.71,0.781,1788456700,20530084000
"2016-04-29,五",3153.54,3170.08,3149.54,3170.08,9.5,0.3,0.65,2017622500,25064965000
"2016-04-29,五",3170.03,3170.58,3156.33,3159.46,-10.62,-0.33,0.45,1162021800,14229669000
"2016-04-29,五",3159.88,3171.19,3157.22,3166.34,6.88,0.22,0.442,1025171400,12722978000
"2016-04-29,五",3166.68,3168.4,3156.44,3156.75,-9.6,-0.3,0.378,1598161900,18790092000
"2016-05-03,二",3159.82,3205.81,3151.48,3203.67,46.93,1.49,1.72,3053963700,36878878000
"2016-05-03,二",3203.67,3216.98,3198.38,3213.35,9.68,0.3,0.58,2162636000,26446804000
"2016-05-03,二",3214,3218.46,3205.04,3205.96,-7.39,-0.23,0.418,2045403300,22347572000
"2016-05-03,二",3205.82,3213.83,3201.59,3213.54,7.58,0.24,0.382,2554480500,30060613000
"2016-05-04,三",3203.47,3216.69,3199.49,3212.56,-0.98,-0.03,0.535,3034740400,34629175000
"2016-05-04,三",3212.22,3214.36,3198.3,3204.98,-7.58,-0.24,0.5,1686563700,18813663000
"2016-05-04,三",3205.06,3222.66,3203.73,3222.47,17.5,0.55,0.591,2145545800,20159555000
"2016-05-04,三",3222.68,3222.69,3204.35,3209.46,-13.01,-0.4,0.569,2219390900,24194741000
"2016-05-05,四",3204.17,3215.63,3200.94,3208.09,-1.38,-0.04,0.458,2575511000,27317904000
"2016-05-05,四",3207.97,3208.79,3196.57,3202.33,-5.76,-0.18,0.381,1422255600,16037305000
"2016-05-05,四",3202.74,3211.98,3201.74,3210.57,8.24,0.26,0.32,1321715700,14976040000
"2016-05-05,四",3209.9,3217.21,3203.65,3213.92,3.35,0.1,0.422,2153885800,25615247000
"2016-05-06,五",3213.14,3216.64,3204.71,3207.2,-6.72,-0.21,0.371,2647441600,28716159000
"2016-05-06,五",3207.5,3209.63,3154.84,3156.18,-51.02,-1.59,1.71,3325625200,36635684000
"2016-05-06,五",3156.03,3166.16,3147.16,3156.34,0.17,0.01,0.602,2062147900,23190844000
"2016-05-06,五",3156.29,3166.23,3130.15,3130.35,-25.99,-0.82,1.14,2832809300,30722529000
"2016-05-09,一",3115.43,3115.43,3079.72,3094.02,-36.34,-1.16,1.14,3512325500,35688005000
"2016-05-09,一",3094.44,3096.54,3076.69,3076.76,-17.26,-0.56,0.641,1628951100,16253213000
"2016-05-09,一",3076.52,3077.84,3060.93,3069.82,-6.94,-0.23,0.549,2087940000,20761105000
"2016-05-09,一",3069.23,3082.45,3055.2,3065.62,-4.21,-0.14,0.888,2693831100,27706890000
"2016-05-10,二",3055.21,3072.17,3055.21,3063.28,-2.34,-0.08,0.553,2245422600,22516334000
"2016-05-10,二",3062.65,3076.32,3061.26,3076.28,13.01,0.42,0.492,1122085200,11815190000
"2016-05-10,二",3076.12,3077.61,3066.8,3068.04,-8.24,-0.27,0.351,1229623900,13243096000
"2016-05-10,二",3067.86,3084.57,3059.23,3069.11,1.07,0.03,0.826,2287861800,23076144000
"2016-05-11,三",3080.64,3085,3067.61,3070.59,1.48,0.05,0.567,2233319300,24254749000
"2016-05-11,三",3070.35,3097.16,3063.09,3097.08,26.49,0.86,1.11,1697289800,19742991000
"2016-05-11,三",3097.88,3101.06,3086.06,3091.73,-5.35,-0.17,0.484,1676675600,18040968000
"2016-05-11,三",3091.33,3102.86,3082.33,3082.81,-8.92,-0.29,0.664,2572141100,25284700000
"2016-05-12,四",3059.38,3074.85,3035.02,3073.56,-9.25,-0.3,1.29,3291409900,33448947000
"2016-05-12,四",3073.44,3085.63,3066.28,3085.63,12.07,0.39,0.63,1418750700,14943619000
"2016-05-12,四",3086.17,3095.33,3077.86,3086.77,1.14,0.04,0.566,1371476000,13769411000
"2016-05-12,四",3086.67,3094.1,3076.97,3090.14,3.37,0.11,0.555,1794936000,19256815000
"2016-05-13,五",3081.68,3103.1,3076.41,3093.58,3.45,0.11,0.864,2297118600,23729891000
"2016-05-13,五",3093.65,3094.05,3082.36,3088.78,-4.81,-0.16,0.378,1104708600,11464862000
"2016-05-13,五",3088.79,3089.97,3075.53,3080.05,-8.72,-0.28,0.468,1065076700,11628646000
"2016-05-13,五",3079.93,3084.3,3064.77,3074.94,-5.12,-0.17,0.634,1796071600,19027596000
"2016-05-16,一",3064.53,3076.33,3053.66,3068.67,-6.27,-0.2,0.737,1785003500,18970434000
"2016-05-16,一",3068.88,3087.67,3067.52,3083.26,14.59,0.48,0.657,1218003400,13693976000
"2016-05-16,一",3083.5,3088.31,3074.25,3086.45,3.2,0.1,0.456,1147507800,11960233000
"2016-05-16,一",3086.14,3095.56,3077.34,3095.31,8.86,0.29,0.59,1795670900,19780557000
"2016-05-17,二",3095.52,3096.33,3080.54,3082.11,-13.2,-0.43,0.51,2041261500,22124771000
"2016-05-17,二",3081.71,3087.58,3073.58,3080.4,-1.71,-0.06,0.454,1241777200,13368832000
"2016-05-17,二",3080.36,3094.32,3076.32,3093.88,13.48,0.44,0.584,1244726300,15248922000
"2016-05-17,二",3093.95,3105.2,3085.58,3086.02,-7.85,-0.25,0.634,2000047500,24646860000
"2016-05-18,三",3071.53,3072.52,3055.95,3056.02,-30.01,-0.97,0.537,2208570300,25259988000
"2016-05-18,三",3056.93,3063.89,3042.15,3045.4,-10.62,-0.35,0.712,1669507300,16730794000
"2016-05-18,三",3045.59,3061.97,3041.23,3053.36,7.96,0.26,0.681,1469520300,15913079000
"2016-05-18,三",3053.01,3069.64,3039.46,3068.04,14.68,0.48,0.988,2923939000,30554986000
"2016-05-19,四",3060.34,3083.6,3060.14,3082.9,14.86,0.48,0.765,2161682500,25333342000
"2016-05-19,四",3083.28,3086.95,3074.9,3075.5,-7.4,-0.24,0.391,1189803500,13943253000
"2016-05-19,四",3075.76,3080.01,3066.66,3067.96,-7.54,-0.25,0.434,1218389500,12528413000
"2016-05-19,四",3068.26,3069.89,3058.23,3062.5,-5.46,-0.18,0.38,1474541100,16874052000
"2016-05-20,五",3047.78,3068.54,3041.64,3064.59,2.09,0.07,0.878,1721363600,19608187000
"2016-05-20,五",3064.51,3073.03,3059.91,3065.45,0.86,0.03,0.428,948117900,11519056000
"2016-05-20,五",3065.54,3068.7,3052.75,3064.05,-1.41,-0.05,0.52,1067513400,12044946000
"2016-05-20,五",3064.4,3078.53,3062.79,3078.22,14.17,0.46,0.514,1871089300,21952062000
"2016-05-23,一",3078.52,3098.48,3078.46,3093.11,14.89,0.48,0.65,2328580200,27878411000
"2016-05-23,一",3093.21,3095.94,3084.84,3088.33,-4.78,-0.15,0.359,1092764700,13093214000
"2016-05-23,一",3088.69,3091.84,3077.29,3077.29,-11.04,-0.36,0.471,1057732300,12289538000
"2016-05-23,一",3077.07,3088.87,3076.53,3087.22,9.93,0.32,0.401,1490644400,17076351000
"2016-05-24,二",3083.24,3083.26,3060.1,3062.51,-24.71,-0.8,0.75,2098507200,22795607000
"2016-05-24,二",3062.58,3067.94,3056.88,3064.72,2.22,0.07,0.361,1142881200,11722589000
"2016-05-24,二",3064.87,3067.84,3058.6,3059.17,-5.56,-0.18,0.302,973630300,9924719000
"2016-05-24,二",3058.89,3068.67,3052.59,3063.56,4.39,0.14,0.525,1658419800,16663100000
"2016-05-25,三",3079.75,3089.05,3074.62,3075.61,12.05,0.39,0.471,2264729700,26163979000
"2016-05-25,三",3075.72,3079.15,3072.72,3074.3,-1.3,-0.04,0.209,916437900,9538927000
"2016-05-25,三",3074.29,3075.13,3055.33,3055.33,-18.97,-0.62,0.644,1162134000,13339211000
"2016-05-25,三",3055.23,3067.78,3054.96,3059.23,3.89,0.13,0.419,1321978700,14274445000
"2016-05-26,四",3056.6,3072.44,3032.95,3037.63,-21.59,-0.71,1.29,2316081600,25118844000
"2016-05-26,四",3037.61,3040.74,3027.49,3032.97,-4.66,-0.15,0.436,1018776200,11093478000
"2016-05-26,四",3032.95,3047.7,3030.57,3047.58,14.61,0.48,0.565,867771600,9241892000
"2016-05-26,四",3047.54,3064.4,3045.42,3064.21,16.64,0.55,0.623,1836668700,20530969000
"2016-05-27,五",3059.73,3062.38,3052.52,3057.46,-6.76,-0.22,0.322,1817414100,18223012000
"2016-05-27,五",3057.95,3066.77,3055.27,3055.29,-2.17,-0.07,0.376,1212932000,11372135000
"2016-05-27,五",3055.48,3068.54,3052.51,3064.17,8.89,0.29,0.525,1084609300,11073788000
"2016-05-27,五",3064.25,3073.55,3061.35,3062.5,-1.67,-0.05,0.398,1931919600,18702842000
"2016-05-30,一",3056.31,3061.79,3037.74,3060.91,-1.59,-0.05,0.786,2014019700,20140964000
"2016-05-30,一",3061.09,3072.6,3056.56,3068.06,7.15,0.23,0.524,1308162700,12620827000
"2016-05-30,一",3068.56,3069.28,3059.13,3063.4,-4.66,-0.15,0.331,1020669800,10268565000
"2016-05-30,一",3063.38,3075.26,3063.19,3066.71,3.31,0.11,0.394,1967005700,20466209000
"2016-05-31,二",3068.6,3151.23,3068.6,3141.4,74.69,2.44,2.69,5195269000,58711300000
"2016-05-31,二",3141.64,3148.86,3131.51,3147.13,5.72,0.18,0.552,2254940700,24427152000
"2016-05-31,二",3146.99,3160.96,3146.99,3160.96,13.83,0.44,0.444,2757678300,29024601000
"2016-05-31,二",3160.69,3170.82,3158.63,3169.56,8.6,0.27,0.386,3678423000,39235117000
"2016-06-01,三",3172.96,3181.76,3167.19,3174.16,4.6,0.15,0.46,4646458100,54608796000
"2016-06-01,三",3174.22,3180.07,3168.41,3169,-5.16,-0.16,0.367,2258829300,25448274000
"2016-06-01,三",3169.17,3174.89,3160.19,3162.58,-6.43,-0.2,0.464,2033268500,23601821000
"2016-06-01,三",3162.01,3170.31,3160.3,3160.55,-2.03,-0.06,0.317,2376292300,28041930000
"2016-06-02,四",3158.03,3168.82,3155.82,3166.9,6.35,0.2,0.412,3094683700,32855451000
"2016-06-02,四",3166.77,3167.57,3151.24,3151.86,-15.04,-0.47,0.516,1834153300,21005505000
"2016-06-02,四",3151.68,3162.89,3151.68,3159.4,7.54,0.24,0.356,1399198800,16730391000
"2016-06-02,四",3159.01,3167.1,3153.65,3167.1,7.7,0.24,0.426,2272306900,26502278000
"2016-06-03,五",3172.95,3176.25,3162.09,3169.05,1.95,0.06,0.447,3253403100,44681277000
"2016-06-03,五",3169.21,3176.03,3167.96,3174.83,5.78,0.18,0.255,1601752000,21512914000
"2016-06-03,五",3174.93,3191.53,3174.34,3191.53,16.7,0.53,0.541,2009617300,27604130000
"2016-06-03,五",3191.94,3201.75,3188.82,3189.33,-2.2,-0.07,0.405,3284405900,42533699000
"2016-06-06,一",3192.78,3197.22,3179.05,3183.57,-5.75,-0.18,0.57,2985656900,41902367000
"2016-06-06,一",3184.16,3188.65,3178.41,3185.01,1.44,0.05,0.322,1383902200,17492936000
"2016-06-06,一",3185.45,3185.81,3174.18,3174.88,-10.13,-0.32,0.365,1438379100,18174432000
"2016-06-06,一",3175.13,3180.82,3168.69,3178.79,3.91,0.12,0.382,1861436900,23606496000
"2016-06-07,二",3182.44,3186.41,3170.26,3178.07,-0.72,-0.02,0.508,2544474000,33859605000
"2016-06-07,二",3178.18,3178.35,3168.22,3174.14,-3.93,-0.12,0.319,1275270800,15780126000
"2016-06-07,二",3174.1,3181.43,3173.28,3177.96,3.82,0.12,0.257,1238071800,15841840000
"2016-06-07,二",3177.99,3179.4,3171.98,3177.05,-0.91,-0.03,0.233,1835014800,23230047000
"2016-06-08,三",3171.81,3171.81,3151.92,3154.39,-22.66,-0.71,0.626,2505174300,33104819000
"2016-06-08,三",3154.39,3163.45,3148.35,3162.27,7.88,0.25,0.479,1628292800,19818593000
"2016-06-08,三",3161.96,3171.15,3160.06,3168.99,6.72,0.21,0.351,1336389400,16969174000
"2016-06-08,三",3169.75,3174.85,3163.36,3163.99,-5,-0.16,0.363,2159321000,27790204000
"2016-06-13,一",3134.05,3142.97,3124.11,3142.69,-21.29,-0.67,0.596,2460637700,32017456000
"2016-06-13,一",3142.1,3145.55,3136.99,3138.06,-4.63,-0.15,0.272,1179026700,14868997000
"2016-06-13,一",3138.13,3138.14,3112.9,3112.9,-25.16,-0.8,0.804,1950727300,23544610000
"2016-06-13,一",3112.72,3119.12,3065.77,3066.34,-46.56,-1.5,1.71,3707203000,43660257000
"2016-06-14,二",3058.44,3078.75,3056.63,3067.82,1.48,0.05,0.721,2457798400,29833815000
"2016-06-14,二",3067.61,3073.38,3055.66,3058.7,-9.12,-0.3,0.578,1265390200,15013877000
"2016-06-14,二",3058.87,3075.2,3055.66,3069.1,10.4,0.34,0.639,1343565700,15474471000
"2016-06-14,二",3068.95,3076.6,3062.11,3075.98,6.88,0.22,0.472,1561191400,18300142000
"2016-06-15,三",3043.96,3092.61,3042.49,3087.08,11.1,0.36,1.63,2514459100,31000227000
"2016-06-15,三",3086.97,3128.04,3086.58,3119.76,32.68,1.06,1.34,2496117900,29372065000
"2016-06-15,三",3120,3125.88,3108.76,3125.85,6.09,0.2,0.549,1729420500,20982756000
"2016-06-15,三",3125.91,3126.28,3109.17,3116.37,-9.48,-0.3,0.547,1999328200,24815129000
"2016-06-16,四",3104.36,3112.01,3100.87,3100.87,-15.5,-0.5,0.358,2713497000,31499320000
"2016-06-16,四",3100.59,3111.95,3095.92,3111.95,11.09,0.36,0.517,1691262500,18859059000
"2016-06-16,四",3111.83,3112.37,3099,3101.38,-10.57,-0.34,0.43,1411520500,17152482000
"2016-06-16,四",3101.36,3105.85,3089.74,3094.67,-6.71,-0.22,0.519,2481190300,25985377000
"2016-06-17,五",3096.09,3131.04,3096.09,3126.63,31.96,1.03,1.13,3408221800,40798566000
"2016-06-17,五",3126.73,3128.23,3116.61,3120.31,-6.32,-0.2,0.372,1468259000,16548502000
"2016-06-17,五",3120.07,3126.89,3106.39,3108.09,-12.23,-0.39,0.657,1693652900,18328526000
"2016-06-17,五",3108.28,3112,3098.94,3110.36,2.27,0.07,0.42,1970164800,22277795000
"2016-06-20,一",3114.91,3118.73,3090.08,3097.46,-12.9,-0.41,0.921,2365052700,28473461000
"2016-06-20,一",3097.06,3107.14,3095.12,3105.71,8.25,0.27,0.388,1050927100,12675029000
"2016-06-20,一",3106.9,3110.77,3099.93,3102.22,-3.49,-0.11,0.349,1103714900,13051047000
"2016-06-20,一",3102.43,3115.92,3101.98,3112.67,10.45,0.34,0.449,1839019400,20448265000
"2016-06-21,二",3124.9,3155.49,3121.55,3136.72,24.05,0.77,1.09,3741230700,47623274000
"2016-06-21,二",3136.99,3136.99,3124.46,3126.45,-10.27,-0.33,0.4,1361652300,16930502000
"2016-06-21,二",3126.64,3127.89,3114.98,3124.99,-1.46,-0.05,0.413,1393162300,15973124000
"2016-06-21,二",3125.15,3127.18,3098.05,3106.32,-18.67,-0.6,0.932,2300489200,26706743000
"2016-06-22,三",3100.45,3114.48,3097.03,3106.15,-0.17,-0.01,0.562,1981471100,24999062000
"2016-06-22,三",3106.15,3124.6,3104.67,3121.66,15.51,0.5,0.642,1458857000,17577181000
"2016-06-22,三",3121.7,3122.19,3114.17,3121.59,-0.07,0,0.257,1061904300,12259274000
"2016-06-22,三",3121.42,3134.06,3116.96,3133.96,12.38,0.4,0.548,2146478900,26513198000
"2016-06-23,四",3129.72,3129.72,3115.84,3125.3,-8.66,-0.28,0.443,2272803200,27983671000
"2016-06-23,四",3124.91,3125.99,3102.54,3105.81,-19.49,-0.62,0.75,1728843500,20361611000
"2016-06-23,四",3106.04,3117.17,3105.24,3114.64,8.83,0.28,0.384,1033177900,11951317000
"2016-06-23,四",3113.96,3121.57,3110.24,3117.32,2.67,0.09,0.364,1740349200,21435953000
"2016-06-24,五",3110.65,3130.38,3104.72,3105.34,-11.98,-0.38,0.823,2291655800,27823700000
"2016-06-24,五",3105.49,3109.01,3073.83,3085.46,-19.88,-0.64,1.13,2434125600,27504419000
"2016-06-24,五",3084.73,3097.91,3034.12,3090.39,4.93,0.16,2.07,3636113400,40122492000
"2016-06-24,五",3090.32,3099.39,3075.33,3077.16,-13.23,-0.43,0.778,2117326000,23516831000
"2016-06-27,一",3065.13,3101.88,3065.13,3101.88,24.72,0.8,1.19,2779141100,33226379000
"2016-06-27,一",3102.2,3103.23,3095.72,3102.73,0.85,0.03,0.242,1354966100,17454268000
"2016-06-27,一",3103.02,3116.69,3103.02,3115.34,12.61,0.41,0.441,1973819000,25823541000
"2016-06-27,一",3115.23,3120.64,3112.7,3120.54,5.21,0.17,0.255,2218799700,27561896000
"2016-06-28,二",3107.4,3117.75,3102.91,3111.44,-9.11,-0.29,0.476,2651438600,34101259000
"2016-06-28,二",3111.44,3114.11,3099.88,3114.08,2.64,0.08,0.457,1608854300,20447380000
"2016-06-28,二",3113.85,3121.31,3110.81,3112.87,-1.21,-0.04,0.337,1788772300,23156981000
"2016-06-28,二",3112.76,3139.43,3111.32,3136.4,23.53,0.76,0.903,3153398500,39492172000
"2016-06-29,三",3142.48,3157.97,3139.19,3151.1,14.69,0.47,0.599,4571191500,51370599000
"2016-06-29,三",3150.9,3151.25,3142.31,3146.75,-4.34,-0.14,0.284,1831622900,21286557000
"2016-06-29,三",3147.38,3151.19,3141.7,3147.36,0.61,0.02,0.302,1605187600,18138214000
"2016-06-29,三",3147.71,3152.37,3139.75,3151.39,4.03,0.13,0.401,2364364800,27163491000
"2016-06-30,四",3152.83,3161.25,3149.29,3158.72,7.33,0.23,0.38,2979381600,36244345000
"2016-06-30,四",3158.92,3163.72,3148.31,3150.45,-8.26,-0.26,0.488,1713438800,22448758000
"2016-06-30,四",3150.47,3162.04,3148.31,3159.04,8.58,0.27,0.436,1387209200,17725191000
"2016-06-30,四",3159.16,3159.4,3148.42,3153.92,-5.12,-0.16,0.348,1889232100,24209619000
"2016-07-01,五",3156.93,3170.24,3156.5,3162.51,8.59,0.27,0.436,2380392800,32447592000
"2016-07-01,五",3163.3,3164.68,3157.74,3158.38,-4.13,-0.13,0.22,1307829100,16742608000
"2016-07-01,五",3158,3158.23,3148.55,3155.84,-2.54,-0.08,0.306,1616176700,18843922000
"2016-07-01,五",3156.32,3162,3151.42,3154.2,-1.64,-0.05,0.335,1870229700,23180906000
"2016-07-04,一",3136.39,3177.17,3134.04,3177.17,22.97,0.73,1.37,3778745900,40040783000
"2016-07-04,一",3178,3208.59,3178,3206.62,29.44,0.93,0.963,4132926300,46295514000
"2016-07-04,一",3206.39,3209.91,3197.06,3206.2,-0.41,-0.01,0.401,2377284000,28272588000
"2016-07-04,一",3206.59,3210.6,3201.34,3204.7,-1.51,-0.05,0.289,3042096700,35285895000
"2016-07-05,二",3199.16,3213.72,3198.01,3211.4,6.7,0.21,0.49,5256720900,57462258000
"2016-07-05,二",3211.22,3216.53,3198.97,3205.7,-5.7,-0.18,0.547,3262882000,33021527000
"2016-07-05,二",3205.75,3210.53,3202.19,3206.16,0.46,0.01,0.26,1840184500,21140823000
"2016-07-05,二",3206.3,3211.89,3200.36,3207.38,1.22,0.04,0.359,2662902100,32274492000
"2016-07-06,三",3197.63,3200.73,3183.45,3190.42,-16.96,-0.53,0.539,4710231700,56076855000
"2016-07-06,三",3190.71,3202.5,3190.52,3199.16,8.74,0.27,0.375,2031663000,25227492000
"2016-07-06,三",3199.46,3215,3199.33,3213.13,13.97,0.44,0.49,2768329300,29732770000
"2016-07-06,三",3212.76,3217.49,3201.77,3216.8,3.67,0.11,0.489,2979521800,36195353000
"2016-07-07,四",3206.55,3217.25,3201.42,3209.37,-7.43,-0.23,0.492,4447241600,53491592000
"2016-07-07,四",3209.51,3210.47,3190.12,3197.53,-11.85,-0.37,0.634,2797962500,32609192000
"2016-07-07,四",3197.53,3206.51,3195.51,3206.09,8.57,0.27,0.344,1757252100,20639959000
"2016-07-07,四",3205.99,3220.54,3205.04,3209.95,3.86,0.12,0.483,2857064000,33748087000
"2016-07-08,五",3199.75,3202.58,3184.11,3191.28,-18.67,-0.58,0.575,3430551300,42054527000
"2016-07-08,五",3191.16,3198.37,3188.87,3191.61,0.32,0.01,0.298,1542204100,20217293000
"2016-07-08,五",3191.66,3199.25,3189.88,3197.56,5.95,0.19,0.293,1648256100,20463136000
"2016-07-08,五",3197.48,3204.93,3191.87,3192.28,-5.28,-0.16,0.408,2352474000,28328509000
"2016-07-11,一",3199.04,3210.16,3197.72,3209.64,17.36,0.54,0.39,4842754500,49978810000
"2016-07-11,一",3209.85,3229.34,3209.85,3225.77,16.13,0.5,0.607,3209281100,37488273000
"2016-07-11,一",3226,3235.89,3222.03,3222.25,-3.52,-0.11,0.43,2631786100,30477819000
"2016-07-11,一",3222.36,3227.27,3201.18,3203.33,-18.92,-0.59,0.81,3169129300,37343248000
"2016-07-12,二",3201.91,3236.91,3201.91,3229.26,25.93,0.81,1.09,4985958000,53374654000
"2016-07-12,二",3229.2,3230.22,3200.37,3207.93,-21.33,-0.66,0.924,3061224200,37029558000
"2016-07-12,二",3207.68,3242.9,3207.39,3242.9,34.97,1.09,1.11,2790109300,29587810000
"2016-07-12,二",3242.85,3273.47,3242.85,3273.18,30.28,0.93,0.944,6416130500,70861718000
"2016-07-13,三",3274.02,3300.8,3274.02,3280.27,7.09,0.22,0.818,8102270100,89600654000
"2016-07-13,三",3280.83,3288.02,3276.31,3286.47,6.2,0.19,0.357,2876210700,31084598000
"2016-07-13,三",3287.08,3293.94,3282.85,3283,-3.47,-0.11,0.338,3059353200,35191838000
"2016-07-13,三",3282.98,3289.47,3271.89,3282.87,-0.13,0,0.536,3481775000,40715210000
"2016-07-14,四",3277.48,3281.85,3269.94,3273.93,-8.94,-0.27,0.363,4134880800,48138177000
"2016-07-14,四",3273.84,3276.16,3265.96,3271.83,-2.09,-0.06,0.311,2064613000,24833248000
"2016-07-14,四",3271.79,3278.35,3269.52,3272.11,0.28,0.01,0.27,1737944000,21492088000
"2016-07-14,四",3272.47,3276.76,3259.07,3276.76,4.65,0.14,0.541,2815142000,33626908000
"2016-07-15,五",3278.84,3283.82,3271.12,3276.56,-0.21,-0.01,0.388,3823910800,46207624000
"2016-07-15,五",3276.6,3281.88,3265.76,3274.82,-1.73,-0.05,0.492,2277934300,26347958000
"2016-07-15,五",3275,3277.35,3265.29,3273.51,-1.31,-0.04,0.368,1692709600,21959219000
"2016-07-15,五",3273.43,3285.03,3271.66,3276.28,2.77,0.08,0.408,2471947900,30665012000
"2016-07-18,一",3269.71,3281.64,3261.74,3264.5,-11.78,-0.36,0.607,4247538700,51049597000
"2016-07-18,一",3264.28,3273.46,3251.97,3273.46,8.96,0.27,0.658,2302807000,26410855000
"2016-07-18,一",3273.61,3279.31,3269.67,3275.09,1.64,0.05,0.294,1868503000,21771801000
"2016-07-18,一",3274.79,3274.79,3258.42,3262.02,-13.07,-0.4,0.5,2612403100,30553453000
"2016-07-19,二",3260.44,3264.4,3238.61,3245.47,-16.56,-0.51,0.791,3273308100,38467136000
"2016-07-19,二",3245.49,3250.17,3236.08,3236.3,-9.17,-0.28,0.434,1525976400,17967336000
"2016-07-19,二",3234.23,3248.61,3226.31,3238.06,1.76,0.05,0.689,1923540200,23901339000
"2016-07-19,二",3239.08,3248.63,3228.7,3248.23,10.17,0.31,0.616,2165861400,26773100000
"2016-07-20,三",3246.86,3254.51,3239.92,3242.05,-6.19,-0.19,0.449,2349780400,30325136000
"2016-07-20,三",3241.84,3247.9,3232.48,3247.9,5.85,0.18,0.476,1501420800,19158676000
"2016-07-20,三",3247.89,3250.23,3240.76,3240.76,-7.14,-0.22,0.292,1391761700,16803537000
"2016-07-20,三",3240.93,3247.86,3237.53,3237.61,-3.15,-0.1,0.319,2027162600,25080100000
"2016-07-21,四",3238.34,3256.56,3238.34,3247.72,10.12,0.31,0.563,2683501100,33502406000
"2016-07-21,四",3248.04,3267.68,3247.65,3266.3,18.58,0.57,0.617,1998293900,25115529000
"2016-07-21,四",3266.66,3271.3,3259.43,3259.71,-6.6,-0.2,0.363,1842494500,23121281000
"2016-07-21,四",3259.25,3261.85,3249.79,3252.52,-7.19,-0.22,0.37,2076193000,25724857000
"2016-07-22,五",3251.24,3253.64,3236.32,3240.09,-12.43,-0.38,0.532,2779245300,35973936000
"2016-07-22,五",3240.04,3245.99,3232.14,3232.14,-7.95,-0.25,0.427,1565585500,19003751000
"2016-07-22,五",3230.85,3239.91,3225.75,3238.04,5.9,0.18,0.438,1674902700,20738692000
"2016-07-22,五",3238.13,3238.51,3220.93,3225.16,-12.88,-0.4,0.543,2583179300,31700508000
"2016-07-25,一",3220.17,3237.85,3218.2,3236.96,11.8,0.37,0.609,2236003900,29684584000
"2016-07-25,一",3236.98,3243.75,3234.53,3236.45,-0.51,-0.02,0.285,1372605200,17880525000
"2016-07-25,一",3236.74,3237.76,3226.06,3230.02,-6.43,-0.2,0.362,1317594600,17293444000
"2016-07-25,一",3229.68,3231.29,3219.64,3230.89,0.86,0.03,0.361,2094114800,27157291000
"2016-07-26,二",3228.23,3251.23,3228.03,3246.16,15.27,0.47,0.718,2551219300,33316078000
"2016-07-26,二",3246.62,3250.41,3243.7,3244.8,-1.36,-0.04,0.207,1310026200,17027198000
"2016-07-26,二",3245.23,3256.46,3245.04,3256.27,11.48,0.35,0.352,1655639700,20699027000
"2016-07-26,二",3256.71,3269.75,3256.71,3269.59,13.32,0.41,0.4,2588223700,32703460000
"2016-07-27,三",3270.08,3276.43,3265.89,3272.81,3.23,0.1,0.322,3519142000,42333498000
"2016-07-27,三",3272.79,3272.98,3218.17,3218.17,-54.64,-1.67,1.67,3156216600,37318037000
"2016-07-27,三",3215.94,3215.94,3157.47,3193.24,-24.93,-0.77,1.82,5046460500,57668375000
"2016-07-27,三",3192.88,3218.24,3174.78,3218.24,25,0.78,1.36,4297047900,49608460000
"2016-07-28,四",3204.47,3231.71,3195.35,3229.81,11.57,0.36,1.13,3295802200,41544086000
"2016-07-28,四",3229.85,3235.66,3198.83,3204.89,-24.92,-0.77,1.14,3366219100,41126520000
"2016-07-28,四",3204.89,3219.14,3201.08,3213.98,9.09,0.28,0.564,2077880600,24707481000
"2016-07-28,四",3213.88,3229.99,3211.57,3221.14,7.16,0.22,0.573,2538094500,29917803000
"2016-07-29,五",3217.19,3225.27,3211.56,3219.01,-2.13,-0.07,0.426,3254460600,39044910000
"2016-07-29,五",3218.6,3220.72,3205.64,3217.78,-1.23,-0.04,0.468,1846116100,21875013000
"2016-07-29,五",3218.04,3222.11,3212.47,3218.51,0.73,0.02,0.3,1388060100,16462252000
"2016-07-29,五",3218.55,3218.75,3198.74,3203.93,-14.58,-0.45,0.622,2315846900,26404855000
"2016-08-01,一",3196.43,3199.97,3168.55,3179.32,-24.62,-0.77,0.981,3658057300,41505004000
"2016-08-01,一",3179.46,3181.11,3162.83,3167.65,-11.67,-0.37,0.575,1587265600,18469887000
"2016-08-01,一",3167.59,3175.57,3156.75,3175.57,7.92,0.25,0.594,1567968000,17499589000
"2016-08-01,一",3175.72,3186.15,3175.28,3176.81,1.24,0.04,0.343,1887058800,21344154000
"2016-08-02,二",3173.76,3185.22,3168.94,3169.5,-7.31,-0.23,0.512,1890895700,21960308000
"2016-08-02,二",3169.41,3180,3169.03,3174.51,5.01,0.16,0.346,1101493600,12853882000
"2016-08-02,二",3175.19,3177.03,3165.72,3172.61,-1.9,-0.06,0.356,1297994400,14268514000
"2016-08-02,二",3172.75,3189.05,3172.47,3189.05,16.44,0.52,0.523,1926380200,21558060000
"2016-08-03,三",3179.68,3196.12,3173.9,3190.16,1.11,0.03,0.697,2473581700,26802137000
"2016-08-03,三",3190.25,3195.88,3183.71,3195.81,5.65,0.18,0.382,1414428000,15180656000
"2016-08-03,三",3196.1,3196.94,3187.44,3188.61,-7.2,-0.23,0.298,1291309800,14457536000
"2016-08-03,三",3188.95,3193.8,3181.83,3193.51,4.89,0.15,0.375,2107090700,23313994000
"2016-08-04,四",3190.55,3193.63,3174.2,3175.11,-18.4,-0.58,0.608,2478595600,28185176000
"2016-08-04,四",3175.11,3187.01,3170.55,3186.68,11.57,0.36,0.518,1510653000,17582933000
"2016-08-04,四",3187.24,3194.11,3184.23,3191.54,4.86,0.15,0.31,1282973000,15707057000
"2016-08-04,四",3191.74,3201.55,3191.66,3201.29,9.75,0.31,0.31,2078215700,25444425000
"2016-08-05,五",3201.35,3208.98,3192.86,3206.28,4.99,0.16,0.504,2324590300,28304422000
"2016-08-05,五",3206.22,3206.32,3198.22,3203.8,-2.48,-0.08,0.253,1482284200,18029745000
"2016-08-05,五",3203.83,3224.8,3201.43,3215.82,12.02,0.38,0.729,1995284600,24918639000
"2016-08-05,五",3216.25,3216.75,3204.69,3205.11,-10.71,-0.33,0.375,1917477500,23176736000
"2016-08-08,一",3199.57,3210.07,3187.33,3210.07,4.96,0.15,0.71,2936479500,36897851000
"2016-08-08,一",3210.21,3218.17,3209.89,3214.64,4.58,0.14,0.258,1774058200,19820179000
"2016-08-08,一",3215.13,3226.98,3215.13,3226.98,12.34,0.38,0.369,1574095100,17930094000
"2016-08-08,一",3226.85,3234.48,3222.13,3234.18,7.2,0.22,0.383,2382972300,27989991000
"2016-08-09,二",3232.6,3238.57,3229.27,3233.16,-1.03,-0.03,0.287,2702972600,32652464000
"2016-08-09,二",3233.09,3244.31,3233.09,3244.31,11.16,0.35,0.347,1887702100,21222146000
"2016-08-09,二",3244.33,3257.33,3244.33,3251.84,7.53,0.23,0.401,2236843700,25448007000
"2016-08-09,二",3251.77,3257.06,3246.05,3256.98,5.14,0.16,0.339,2279007500,26601435000
"2016-08-10,三",3255.18,3261.63,3248.31,3257.86,0.88,0.03,0.409,3131992800,35802854000
"2016-08-10,三",3257.69,3261.39,3248.8,3249.05,-8.81,-0.27,0.387,1970669200,22406804000
"2016-08-10,三",3249.32,3257.11,3245.79,3246.05,-3.01,-0.09,0.348,1882626200,23317543000
"2016-08-10,三",3246.05,3252.1,3242.75,3243.34,-2.71,-0.08,0.288,2057749000,24630247000
"2016-08-11,四",3239.56,3273.87,3239.56,3249.27,5.93,0.18,1.06,4191425000,47738019000
"2016-08-11,四",3249.71,3261.05,3248.49,3255.58,6.31,0.19,0.387,1594042900,18762091000
"2016-08-11,四",3255.18,3266.03,3250.65,3264.27,8.69,0.27,0.472,1707983400,19628826000
"2016-08-11,四",3264.15,3264.38,3232.66,3233.36,-30.91,-0.95,0.972,2610670000,30867223000
"2016-08-12,五",3231.81,3242.25,3231.66,3238.59,5.23,0.16,0.328,2570855100,28751010000
"2016-08-12,五",3239,3251.55,3236.78,3243.63,5.04,0.16,0.456,1819621400,21996130000
"2016-08-12,五",3243.83,3266.18,3237.91,3259.87,16.24,0.5,0.872,2353325500,26183205000
"2016-08-12,五",3259.88,3294.23,3259.88,3294.23,34.37,1.05,1.05,4881602400,52424341000
"2016-08-15,一",3303.47,3350.01,3302.38,3341.73,47.5,1.44,1.45,7693899900,89913883000
"2016-08-15,一",3341.8,3398.78,3341.73,3398.67,56.94,1.7,1.71,5215583400,63040397000
"2016-08-15,一",3399.14,3417.92,3399.14,3402.48,3.81,0.11,0.553,5183494700,61176420000
"2016-08-15,一",3402.77,3406.46,3389.88,3393.42,-9.05,-0.27,0.487,3961364000,44766760000
"2016-08-16,二",3403.38,3418.53,3394.14,3398.3,4.88,0.14,0.719,8286107200,92370311000
"2016-08-16,二",3398.1,3398.1,3372.12,3379.42,-18.88,-0.56,0.764,4641092900,52249899000
"2016-08-16,二",3378.91,3385.47,3374.12,3379.95,0.54,0.02,0.336,2904402900,35629840000
"2016-08-16,二",3379.8,3388.17,3374.56,3378.25,-1.71,-0.05,0.403,3807371000,46535180000
"2016-08-17,三",3377.77,3394.25,3368.46,3371.54,-6.71,-0.2,0.763,5380631000,67908968000
"2016-08-17,三",3371.54,3376.89,3356.92,3373.16,1.63,0.05,0.592,3030571300,35949657000
"2016-08-17,三",3373.07,3382.75,3369.16,3379.23,6.07,0.18,0.403,2480120300,27956607000
"2016-08-17,三",3379.51,3381.8,3366.27,3373.05,-6.19,-0.18,0.46,2993446400,36102298000
"2016-08-18,四",3369.95,3391.47,3369.94,3376.75,3.7,0.11,0.638,4847534300,58083756000
"2016-08-18,四",3376.77,3391.74,3369.08,3391.4,14.65,0.43,0.671,2722594500,32299610000
"2016-08-18,四",3391.65,3394.75,3360.79,3373.94,-17.46,-0.51,1,3467965700,43275727000
"2016-08-18,四",3373.65,3374.09,3349.9,3364.49,-9.46,-0.28,0.717,3199922500,38597437000
"2016-08-19,五",3358.56,3364.31,3347.38,3355.31,-9.18,-0.27,0.503,3701849700,43456975000
"2016-08-19,五",3355.57,3357.85,3341.19,3350.09,-5.22,-0.16,0.496,2518722500,28900366000
"2016-08-19,五",3350.2,3358.55,3348.77,3355.68,5.59,0.17,0.292,1996700400,22316215000
"2016-08-19,五",3355.54,3373.75,3352.93,3365.02,9.34,0.28,0.62,3778878200,40709154000
"2016-08-22,一",3364.68,3372.75,3355.21,3355.55,-9.47,-0.28,0.521,3965401800,48185668000
"2016-08-22,一",3355.04,3356.6,3341.81,3343.61,-11.94,-0.36,0.441,2169476700,25786703000
"2016-08-22,一",3343.77,3357.89,3343.22,3355.39,11.78,0.35,0.439,1675041900,19440425000
"2016-08-22,一",3355.86,3355.96,3335.69,3336.8,-18.6,-0.55,0.604,2985180400,34788988000
"2016-08-23,二",3332.62,3359.65,3332.62,3353.75,16.95,0.51,0.81,3340237400,39642811000
"2016-08-23,二",3354.07,3358.03,3346.9,3347.08,-6.66,-0.2,0.332,1804544300,21043387000
"2016-08-23,二",3347.08,3350.77,3339.65,3340.75,-6.33,-0.19,0.332,1445328100,17353854000
"2016-08-23,二",3340.22,3347.6,3324.99,3341.83,1.08,0.03,0.677,2702341800,30463640000
"2016-08-24,三",3341.93,3348.13,3334.76,3337.82,-4.01,-0.12,0.4,2616478100,31260313000
"2016-08-24,三",3338.36,3339.57,3327.28,3337.06,-0.77,-0.02,0.368,1901160000,19498873000
"2016-08-24,三",3337.83,3342.56,3332.21,3338.99,1.94,0.06,0.31,1422399300,17013516000
"2016-08-24,三",3339.12,3340.05,3323.73,3329.86,-9.13,-0.27,0.489,2179105500,26240130000
"2016-08-25,四",3314.09,3314.09,3292.82,3302.83,-27.03,-0.81,0.639,4255440200,46326527000
"2016-08-25,四",3302.83,3303.11,3279.83,3291.29,-11.54,-0.35,0.705,2367513600,26236342000
"2016-08-25,四",3291.09,3299.81,3289.47,3299.76,8.48,0.26,0.314,1265126900,14515218000
"2016-08-25,四",3299.43,3315.04,3291.62,3308.97,9.21,0.28,0.71,2170834600,25500053000
"2016-08-26,五",3312.5,3323.79,3308.93,3323.69,14.72,0.44,0.449,2828332700,31609444000
"2016-08-26,五",3323.55,3328.55,3320.54,3327.47,3.78,0.11,0.241,1631670300,18514718000
"2016-08-26,五",3328.01,3328.9,3313.45,3314.72,-12.75,-0.38,0.464,1591941300,18073800000
"2016-08-26,五",3314.71,3318.46,3301.94,3307.09,-7.63,-0.23,0.498,2101124800,25015244000
"2016-08-29,一",3306.58,3310.4,3297.17,3306.57,-0.52,-0.02,0.4,2606811500,31774804000
"2016-08-29,一",3307.12,3315.03,3306.09,3311.31,4.74,0.14,0.27,1797585100,19173818000
"2016-08-29,一",3311.32,3312.91,3298.76,3302.25,-9.06,-0.27,0.428,1562388300,16835242000
"2016-08-29,一",3302.03,3310.78,3300.56,3307.78,5.53,0.17,0.309,1736848400,20227778000
"2016-08-30,二",3310.32,3318.79,3307.44,3310.1,2.32,0.07,0.343,2375867000,28990365000
"2016-08-30,二",3310.07,3311.94,3304.62,3311.93,1.83,0.06,0.221,1381856000,16467448000
"2016-08-30,二",3311.92,3324.83,3310.81,3315.18,3.25,0.1,0.423,1707198200,19699399000
"2016-08-30,二",3315.26,3316.32,3305.44,3311.99,-3.19,-0.1,0.328,2107677500,24355805000
"2016-08-31,三",3310.57,3317.09,3304.71,3305.54,-6.45,-0.19,0.374,2827109500,35758990000
"2016-08-31,三",3305.92,3329.93,3305.75,3329.86,24.32,0.74,0.731,1851207000,22947529000
"2016-08-31,三",3330.23,3333.96,3323.07,3323.21,-6.65,-0.2,0.327,1460502800,17923681000
"2016-08-31,三",3323.19,3327.87,3320.13,3327.79,4.58,0.14,0.233,1818261200,22584844000
"2016-09-01,四",3326.74,3329.34,3320.73,3323.33,-4.46,-0.13,0.259,2434246800,29835101000
"2016-09-01,四",3323.21,3323.33,3310.76,3318.17,-5.16,-0.16,0.378,1800679700,20916147000
"2016-09-01,四",3318.09,3319.71,3313.31,3317.19,-0.99,-0.03,0.193,1553644200,18399612000
"2016-09-01,四",3317.24,3322.23,3301.21,3301.58,-15.61,-0.47,0.634,2706151200,31760603000
"2016-09-02,五",3298.72,3320.38,3298.64,3317.7,16.12,0.49,0.658,2730880400,34332380000
"2016-09-02,五",3318.04,3318.82,3304.19,3311.62,-6.08,-0.18,0.441,1416360900,16789172000
"2016-09-02,五",3311.57,3312.82,3298.77,3300.95,-10.67,-0.32,0.424,1451234800,17491777000
"2016-09-02,五",3300.79,3315.37,3295.76,3314.11,13.16,0.4,0.594,2680704200,30783050000
"2016-09-05,一",3321.01,3338.42,3315.12,3334.53,20.41,0.62,0.703,3054938900,33705468000
"2016-09-05,一",3334.57,3334.64,3319.22,3321.41,-13.12,-0.39,0.463,1616357100,17370874000
"2016-09-05,一",3322.02,3325.18,3318.49,3322.71,1.31,0.04,0.201,1184691800,13718221000
"2016-09-05,一",3322.77,3324.36,3314.87,3319.68,-3.03,-0.09,0.285,1973259900,22736527000
"2016-09-06,二",3322.02,3324.83,3300.24,3311.81,-7.87,-0.24,0.741,3201832800,40075989000
"2016-09-06,二",3311.25,3321.17,3307.96,3321.17,9.35,0.28,0.399,1374389900,16967450000
"2016-09-06,二",3321.4,3344.62,3318.56,3344.53,23.37,0.7,0.784,2062423600,25371303000
"2016-09-06,二",3344.69,3347.93,3334.1,3342.63,-1.91,-0.06,0.413,3189753500,35951791000
"2016-09-07,三",3344.07,3355.72,3340.56,3355.57,12.95,0.39,0.453,4181499900,44511989000
"2016-09-07,三",3355.4,3357.36,3350.14,3352.65,-2.92,-0.09,0.215,2110387700,24907813000
"2016-09-07,三",3353.02,3355.38,3349,3351.1,-1.55,-0.05,0.19,1667835300,19274241000
"2016-09-07,三",3351.29,3353,3338,3340.82,-10.29,-0.31,0.448,2334287700,26425866000
"2016-09-08,四",3338.01,3343.04,3334.5,3339.5,-1.32,-0.04,0.256,2487208800,29306181000
"2016-09-08,四",3339.03,3339.34,3333.26,3336.62,-2.88,-0.09,0.182,1302584900,15410588000
"2016-09-08,四",3336.81,3343.24,3334.1,3335.85,-0.77,-0.02,0.274,1290051000,14961736000
"2016-09-08,四",3335.45,3340,3328.42,3339.56,3.71,0.11,0.347,2111771100,24063842000
"2016-09-09,五",3339.37,3344.57,3333.21,3333.53,-6.04,-0.18,0.34,2835056300,32420118000
"2016-09-09,五",3332.98,3339.01,3328.86,3336.81,3.29,0.1,0.304,1658233600,19720850000
"2016-09-09,五",3336.86,3338.77,3331.93,3331.93,-4.88,-0.15,0.205,1335089000,15732255000
"2016-09-09,五",3332.04,3333.9,3318.04,3318.04,-13.88,-0.42,0.476,2437324700,27597966000
"2016-09-12,一",3271.87,3276.46,3258.45,3260.15,-57.89,-1.74,0.543,3988145800,45041624000
"2016-09-12,一",3260.05,3267.08,3246.39,3247.97,-12.18,-0.37,0.635,2199228400,23678238000
"2016-09-12,一",3247.6,3251.36,3234.57,3240.54,-7.43,-0.23,0.517,2404123600,25889123000
"2016-09-12,一",3240.9,3264.4,3239.14,3262.6,22.07,0.68,0.779,3700270400,39847645000
"2016-09-13,二",3265.34,3269.21,3256.54,3260.26,-2.34,-0.07,0.388,2313724600,26855541000
"2016-09-13,二",3260.1,3262.82,3251.62,3255.33,-4.93,-0.15,0.344,1287576700,14527259000
"2016-09-13,二",3255.32,3257.02,3246.39,3254.62,-0.71,-0.02,0.326,1263159700,14585867000
"2016-09-13,二",3254.86,3260.91,3248.52,3260.33,5.72,0.18,0.381,1853567800,20893977000
"2016-09-14,三",3245.74,3254.83,3235.92,3252.02,-8.31,-0.26,0.58,2257761000,26689545000
"2016-09-14,三",3251.67,3253.33,3242.92,3243.37,-8.65,-0.27,0.32,1156999000,12935938000
"2016-09-14,三",3243.65,3247.02,3237.99,3241.9,-1.47,-0.05,0.279,1312355700,14061978000
"2016-09-14,三",3241.82,3243.64,3231.39,3238.73,-3.17,-0.1,0.378,2316154000,26093285000
"2016-09-19,一",3242.74,3264.69,3242.74,3260.28,21.55,0.67,0.678,2330039400,27931698000
"2016-09-19,一",3260.54,3262.28,3256.33,3262.07,1.78,0.05,0.182,998326100,11653828000
"2016-09-19,一",3261.75,3263.87,3256.87,3257.45,-4.62,-0.14,0.215,1004891100,11125624000
"2016-09-19,一",3257.25,3263.29,3254.88,3263.12,5.68,0.17,0.258,1549851600,16966882000
"2016-09-20,二",3264.67,3265.04,3256.62,3257.13,-6,-0.18,0.258,1672903300,20269918000
"2016-09-20,二",3257.32,3260.17,3252.91,3260.11,2.98,0.09,0.223,1140226900,13327957000
"2016-09-20,二",3260.16,3260.96,3253.88,3253.88,-6.23,-0.19,0.217,1013927600,11791071000
"2016-09-20,二",3254.35,3257.8,3252.41,3257.4,3.52,0.11,0.166,1451362800,16237205000
"2016-09-21,三",3257.71,3265.92,3254.45,3256.68,-0.72,-0.02,0.352,1955257300,20689947000
"2016-09-21,三",3256.55,3261.56,3255.83,3257.47,0.79,0.02,0.176,1028628100,12135353000
"2016-09-21,三",3257.61,3270.69,3257.61,3270.69,13.22,0.41,0.402,1423991200,17341889000
"2016-09-21,三",3270.67,3270.89,3263.02,3266.64,-4.05,-0.12,0.241,1506421300,18790555000
"2016-09-22,四",3281.47,3294.37,3278.07,3293.64,27,0.83,0.499,2941460200,33445670000
"2016-09-22,四",3293.31,3303.2,3292.53,3295.25,1.61,0.05,0.324,1483809200,17349006000
"2016-09-22,四",3295.43,3298.25,3290.19,3290.62,-4.63,-0.14,0.245,1414931900,17412694000
"2016-09-22,四",3290.45,3294.19,3287.47,3291.12,0.5,0.02,0.204,1735152900,21784392000
"2016-09-23,五",3292.28,3293.92,3282.03,3284.25,-6.87,-0.21,0.361,1872757900,21818952000
"2016-09-23,五",3283.66,3285.01,3277.48,3282.84,-1.41,-0.04,0.229,1086025900,13047112000
"2016-09-23,五",3283.02,3283.87,3275.85,3282.1,-0.74,-0.02,0.244,1132164100,12943857000
"2016-09-23,五",3282.26,3282.42,3275.03,3275.67,-6.44,-0.2,0.225,1708450700,20236336000
"2016-09-26,一",3267.69,3267.69,3244.93,3246.78,-28.89,-0.88,0.695,2163759200,24574292000
"2016-09-26,一",3246.8,3256.72,3246.8,3250.53,3.75,0.12,0.306,979333000,11245717000
"2016-09-26,一",3250.43,3252.02,3240.11,3243.59,-6.94,-0.21,0.366,1316566800,14435381000
"2016-09-26,一",3243.39,3247.2,3220.28,3220.28,-23.31,-0.72,0.83,2585559600,28445445000
"2016-09-27,二",3214.87,3232.94,3214.79,3223.03,2.74,0.09,0.563,1889942400,21761965000
"2016-09-27,二",3222.94,3230.86,3221.76,3223.15,0.12,0,0.282,1075286700,12698556000
"2016-09-27,二",3222.93,3227.99,3220.38,3222.42,-0.73,-0.02,0.236,994199400,11557280000
"2016-09-27,二",3222.21,3240.76,3215.89,3240.76,18.33,0.57,0.772,1886626500,20633329000
"2016-09-28,三",3243.65,3243.65,3229.03,3240.54,-0.22,-0.01,0.451,1498787000,17944752000
"2016-09-28,三",3240.61,3240.67,3234.15,3234.51,-6.03,-0.19,0.201,816443800,9306480000
"2016-09-28,三",3234.73,3238.93,3231.35,3235.65,1.14,0.04,0.234,770037100,8611516000
"2016-09-28,三",3235.42,3237.16,3228.37,3230.89,-4.76,-0.15,0.272,1387481900,16133657000
"2016-09-29,四",3234.86,3252.21,3234.86,3251.81,20.92,0.65,0.537,1646052200,17988158000
"2016-09-29,四",3251.69,3257.67,3249.63,3252.1,0.29,0.01,0.247,1458174600,15988140000
"2016-09-29,四",3252.31,3253.32,3245.08,3245.32,-6.78,-0.21,0.254,902852000,10493311000
"2016-09-29,四",3245.39,3249.94,3242.75,3244.39,-0.94,-0.03,0.222,1538176800,17750693000
"2016-09-30,五",3240.18,3256.85,3239.37,3254.88,10.49,0.32,0.539,1219859700,14746812000
"2016-09-30,五",3255.22,3257.74,3249.29,3254.55,-0.33,-0.01,0.26,891197400,10948160000
"2016-09-30,五",3254.69,3257.69,3253.65,3256.45,1.89,0.06,0.124,781440400,8898090000
"2016-09-30,五",3255.99,3260.93,3251.68,3253.29,-3.16,-0.1,0.284,1605304700,18062673000
"2016-10-10,一",3265.36,3275.05,3259.21,3264.07,10.79,0.33,0.487,2963082000,31507089000
"2016-10-10,一",3264.68,3292.1,3264.18,3291.49,27.42,0.84,0.855,1816726800,20716079000
"2016-10-10,一",3292.69,3294.48,3284.81,3285.61,-5.88,-0.18,0.294,1497676100,16844039000
"2016-10-10,一",3285.55,3293.87,3284.45,3293.87,8.26,0.25,0.287,1774441100,20540783000
"2016-10-11,二",3296.87,3307.65,3293.18,3305.24,11.37,0.35,0.439,3565030400,33132181000
"2016-10-11,二",3305.21,3307.89,3301,3304.22,-1.02,-0.03,0.209,1594509200,16963209000
"2016-10-11,二",3303.41,3303.68,3295.05,3297.1,-7.12,-0.22,0.261,1461838600,15784962000
"2016-10-11,二",3297.24,3306.91,3297.08,3306.56,9.46,0.29,0.298,2149938100,22333069000
"2016-10-12,三",3299.14,3302.25,3292.83,3299.96,-6.6,-0.2,0.285,2603281400,27058885000
"2016-10-12,三",3300.27,3300.27,3293.11,3296.51,-3.45,-0.1,0.217,1262915600,13693742000
"2016-10-12,三",3296.13,3299.99,3294.44,3295.47,-1.04,-0.03,0.168,1243655000,12672843000
"2016-10-12,三",3295.52,3300.48,3289.75,3300.01,4.54,0.14,0.326,1757126100,18961443000
"2016-10-13,四",3299.16,3305.48,3294.23,3295.15,-4.87,-0.15,0.341,2756095500,25272625000
"2016-10-13,四",3294.85,3302.21,3292.43,3299.82,4.68,0.14,0.297,1760473300,16565152000
"2016-10-13,四",3299.58,3302.74,3294.77,3301.69,1.87,0.06,0.241,1500434500,15442735000
"2016-10-13,四",3301.44,3307.36,3298.2,3302.65,0.96,0.03,0.277,2105416500,22643237000
"2016-10-14,五",3298.73,3298.73,3291.6,3293.8,-8.85,-0.27,0.216,2447532200,26329632000
"2016-10-14,五",3294.37,3297.7,3286.02,3287.38,-6.41,-0.19,0.354,1725647900,17107432000
"2016-10-14,五",3287.47,3295.78,3286.05,3294.51,7.13,0.22,0.296,1380552300,12952539000
"2016-10-14,五",3294.73,3306.64,3294.62,3305.85,11.33,0.34,0.365,2677894700,25095995000
"2016-10-17,一",3305.96,3309.01,3300.06,3304.72,-1.13,-0.03,0.271,2636757900,26604415000
"2016-10-17,一",3304.95,3306.52,3300.24,3306.1,1.37,0.04,0.19,1348215500,13815639000
"2016-10-17,一",3306.05,3307.71,3299.15,3299.41,-6.69,-0.2,0.259,1356409700,14275315000
"2016-10-17,一",3299.43,3299.49,3271.77,3277.88,-21.53,-0.65,0.84,3269967800,33504050000
"2016-10-18,二",3272.68,3288.17,3272.68,3280.76,2.88,0.09,0.473,2140588800,23651710000
"2016-10-18,二",3280.6,3294.8,3280.25,3293.28,12.52,0.38,0.444,1557880200,16923675000
"2016-10-18,二",3293.06,3316.49,3290.16,3310.86,17.58,0.53,0.799,3209605200,29657322000
"2016-10-18,二",3311.05,3321.33,3310.35,3321.33,10.47,0.32,0.332,3377997200,34392337000
"2016-10-19,三",3323.3,3332.52,3321.91,3327.69,6.36,0.19,0.319,4279170200,37474908000
"2016-10-19,三",3327.73,3327.98,3319.46,3322.93,-4.76,-0.14,0.256,2100503700,20241564000
"2016-10-19,三",3322.97,3323.56,3315.14,3315.49,-7.44,-0.22,0.253,1584413300,16284385000
"2016-10-19,三",3315.57,3320.12,3309.96,3316.24,0.75,0.02,0.307,2152685300,22353585000
"2016-10-20,四",3317.18,3324.71,3313.57,3314.21,-2.03,-0.06,0.336,2885889500,29621499000
"2016-10-20,四",3314.31,3317.5,3312.38,3316.74,2.53,0.08,0.154,1505017100,15070754000
"2016-10-20,四",3317.25,3322.09,3315.24,3322.08,5.34,0.16,0.207,1424472400,15335622000
"2016-10-20,四",3322.29,3323.34,3316.37,3318.6,-3.48,-0.1,0.21,2108508100,22453220000
"2016-10-21,五",3315.72,3332.97,3313,3331.32,12.72,0.38,0.602,3405637400,32271590000
"2016-10-21,五",3331.51,3341.56,3309.18,3312.84,-18.49,-0.55,0.972,3935562200,37872800000
"2016-10-21,五",3312.98,3321.93,3309.22,3321.76,8.92,0.27,0.384,1521817400,15552968000
"2016-10-21,五",3321.71,3327.8,3317.5,3327.74,5.98,0.18,0.31,2115500600,21417568000
"2016-10-24,一",3332.51,3353.07,3331.09,3353.07,25.33,0.76,0.661,4432135500,41672458000
"2016-10-24,一",3353.28,3382.26,3350.96,3376.93,23.86,0.71,0.934,4947074900,48792979000
"2016-10-24,一",3377.47,3382.74,3366.06,3369.21,-7.72,-0.23,0.494,3018996800,29597844000
"2016-10-24,一",3368.1,3373.65,3364.77,3367.58,-1.63,-0.05,0.264,2903227800,29999729000
"2016-10-25,二",3367.48,3373.76,3361.86,3366.99,-0.59,-0.02,0.353,4395780700,42092020000
"2016-10-25,二",3366.42,3366.42,3359.67,3361.77,-5.22,-0.16,0.2,2033298000,21139431000
"2016-10-25,二",3362.16,3364.92,3356.65,3363.61,1.84,0.05,0.246,1912085500,19893475000
"2016-10-25,二",3363.63,3367.78,3357.09,3367.45,3.84,0.11,0.318,2778005100,27451587000
"2016-10-26,三",3365.2,3367.69,3357.77,3365.84,-1.61,-0.05,0.295,3505542400,36942308000
"2016-10-26,三",3365.84,3365.84,3352.13,3360.28,-5.56,-0.17,0.407,2219757400,24124435000
"2016-10-26,三",3360.08,3361.4,3354.9,3356.65,-3.63,-0.11,0.193,1623038300,17901658000
"2016-10-26,三",3357.15,3358.92,3349.75,3354.8,-1.85,-0.06,0.273,2454140500,25750917000
"2016-10-27,四",3351.46,3352.18,3341.81,3343.54,-11.26,-0.34,0.309,2588063900,29617788000
"2016-10-27,四",3343.58,3345.5,3339.15,3340.66,-2.88,-0.09,0.19,1727410700,18099346000
"2016-10-27,四",3340.68,3344.95,3337.93,3340.77,0.11,0,0.21,1362775300,15372132000
"2016-10-27,四",3340.85,3347.26,3335.13,3345.7,4.93,0.15,0.363,2084735200,22151746000
"2016-10-28,五",3347.14,3370.65,3347.14,3361.29,15.59,0.47,0.703,3669222800,44356014000
"2016-10-28,五",3361.5,3363.12,3345.09,3350.82,-10.47,-0.31,0.536,1891737100,19766545000
"2016-10-28,五",3351.09,3353.7,3342.73,3352.23,1.41,0.04,0.327,1399878200,15572941000
"2016-10-28,五",3352.55,3352.55,3337.29,3340.13,-12.1,-0.36,0.455,2352492800,25102471000
"2016-10-31,一",3332.41,3332.41,3317.54,3325.23,-14.9,-0.45,0.445,2891483100,32721063000
"2016-10-31,一",3325.39,3331.53,3324.18,3326.85,1.62,0.05,0.221,1227978500,13801698000
"2016-10-31,一",3326.87,3335.76,3325,3335.13,8.28,0.25,0.323,1255729200,14052097000
"2016-10-31,一",3335.17,3340.47,3333.1,3336.28,1.15,0.03,0.221,1760095500,20126963000
"2016-11-01,二",3338.71,3350.39,3334.49,3343.73,7.45,0.22,0.477,2328376400,25877939000
"2016-11-01,二",3343.79,3349.86,3342.12,3346.47,2.74,0.08,0.231,1500482700,17060060000
"2016-11-01,二",3346.54,3352.91,3346.54,3352.13,5.66,0.17,0.19,1559699500,18233453000
"2016-11-01,二",3352.26,3359.35,3350.98,3359.05,6.92,0.21,0.25,2105261300,23546232000
"2016-11-02,三",3350.71,3354.91,3346.17,3352.92,-6.13,-0.18,0.26,2659053000,30387771000
"2016-11-02,三",3352.74,3356.37,3339.74,3340.12,-12.8,-0.38,0.496,1980597700,22626601000
"2016-11-02,三",3340.2,3342.5,3331.38,3340.53,0.41,0.01,0.333,1917404800,21768931000
"2016-11-02,三",3340.6,3344.02,3331.53,3333.35,-7.18,-0.21,0.374,2562654900,25565693000
"2016-11-03,四",3326.9,3348.28,3324.9,3340.78,7.43,0.22,0.701,2990472200,34745447000
"2016-11-03,四",3341.32,3357.51,3334.77,3357.51,16.73,0.5,0.681,2224206300,24234072000
"2016-11-03,四",3359.09,3379.94,3359.09,3372.87,15.36,0.46,0.621,4540225100,46550747000
"2016-11-03,四",3372.98,3372.98,3360.51,3365.09,-7.78,-0.23,0.37,2867446800,31856204000
"2016-11-04,五",3362.21,3377.64,3361.33,3369.3,4.21,0.13,0.485,4208778900,43541527000
"2016-11-04,五",3369.31,3373.33,3358.6,3359.75,-9.55,-0.28,0.437,2354848300,24185853000
"2016-11-04,五",3359.75,3362.69,3351.63,3353.61,-6.14,-0.18,0.329,1668757100,18732969000
"2016-11-04,五",3354.34,3355.15,3348.5,3354.17,0.56,0.02,0.198,2174581200,24353416000
